Project Name,Item ARK,Parent ARK,Item Status ID,Item Status,Object Type,File Name,Item Sequence,Duplicate,Delete in Title,Subject,Type.typeOfResource,Type.genre,Name.subject,Rights.copyrightStatus,Rights.rightsHolderContact,Coverage.geographic,Name.fashionDesigner,Name.photographer,Name.repository,Name.artist,Name.architect,Name.compiler,Rights.countryCreation,Rights.servicesContact,Language,Relation.hasVersion,Rights.permission,Publisher.publisherName,Relation.isPartOf,Illustrator,Alternate Identifier.local,Title,Description.caption,Date.creation,Format.extent,Format.medium,Format.dimensions,Date.normalized,Description.longitude,Description.latitude,Description.note,Description.adminnote,Description.contents,Description.abstract,Description.fundingNote,Opac url,Finding Aid URL,Alternate Identifier.oclc,Bucketeer State,IIIF Access URL,IIIF Manifest URL
Los Angeles Times Photographic Archive,ark:/21198/zz002j8srs,ark:/21198/zz0002np7z,5,Imported,Work,latimes/masters/uclamss_1429_15086.tif,,,,,still image,news photographs|~|cellulose nitrate film,,copyrighted,"UCLA Charles E. Young Research Library Department of Special Collections, A1713 Young Research Library, Box 951575, Los Angeles, CA 90095-1575. E-mail: spec-coll@library.ucla.edu. Phone: (310)825-4988",,,,"University of California, Los Angeles. $b Library. $b Dept. of Special Collections",,,,US,,zxx,,Y,Los Angeles Times,"Los Angeles Times Photographic Archive. Department of Special Collections, Charles E. Young Research Library, UCLA.",,uclamss_1429_15086,uclamss_1429_15086,,,1 photograph,b&w nitrate negative,,,,,,,,,Access to this collection is generously supported by Arcadia funds.,,,,succeeded,https://iiif.library.ucla.edu/iiif/2/ark%3A%2F21198%2Fzz002j8srs,http://iiif.library.ucla.edu/ark%3A%2F21198%2Fzz002j8srs/manifest
Los Angeles Times Photographic Archive,ark:/21198/zz002j8ss9,ark:/21198/zz0002np7z,5,Imported,Work,latimes/masters/uclamss_1429_15087.tif,,,,,still image,news photographs|~|cellulose nitrate film,,copyrighted,"UCLA Charles E. Young Research Library Department of Special Collections, A1713 Young Research Library, Box 951575, Los Angeles, CA 90095-1575. E-mail: spec-coll@library.ucla.edu. Phone: (310)825-4988",,,,"University of California, Los Angeles. $b Library. $b Dept. of Special Collections",,,,US,,zxx,,Y,Los Angeles Times,"Los Angeles Times Photographic Archive. Department of Special Collections, Charles E. Young Research Library, UCLA.",,uclamss_1429_15087,uclamss_1429_15087,,,1 photograph,b&w nitrate negative,,,,,,,,,Access to this collection is generously supported by Arcadia funds.,,,,succeeded,https://iiif.library.ucla.edu/iiif/2/ark%3A%2F21198%2Fzz002j8ss9,http://iiif.library.ucla.edu/ark%3A%2F21198%2Fzz002j8ss9/manifest
Los Angeles Times Photographic Archive,ark:/21198/zz002j8stt,ark:/21198/zz0002np7z,5,Imported,Work,latimes/masters/uclamss_1429_15088.tif,,,,,still image,news photographs|~|cellulose nitrate film,,copyrighted,"UCLA Charles E. Young Research Library Department of Special Collections, A1713 Young Research Library, Box 951575, Los Angeles, CA 90095-1575. E-mail: spec-coll@library.ucla.edu. Phone: (310)825-4988",,,,"University of California, Los Angeles. $b Library. $b Dept. of Special Collections",,,,US,,zxx,,Y,Los Angeles Times,"Los Angeles Times Photographic Archive. Department of Special Collections, Charles E. Young Research Library, UCLA.",,uclamss_1429_15088,uclamss_1429_15088,,,1 photograph,b&w nitrate negative,,,,,,,,,Access to this collection is generously supported by Arcadia funds.,,,,succeeded,https://iiif.library.ucla.edu/iiif/2/ark%3A%2F21198%2Fzz002j8stt,http://iiif.library.ucla.edu/ark%3A%2F21198%2Fzz002j8stt/manifest
Los Angeles Times Photographic Archive,ark:/21198/zz002j8svb,ark:/21198/zz0002np7z,5,Imported,Work,latimes/masters/uclamss_1429_15089.tif,,,,,still image,news photographs|~|cellulose nitrate film,,copyrighted,"UCLA Charles E. Young Research Library Department of Special Collections, A1713 Young Research Library, Box 951575, Los Angeles, CA 90095-1575. E-mail: spec-coll@library.ucla.edu. Phone: (310)825-4988",,,,"University of California, Los Angeles. $b Library. $b Dept. of Special Collections",,,,US,,zxx,,Y,Los Angeles Times,"Los Angeles Times Photographic Archive. Department of Special Collections, Charles E. Young Research Library, UCLA.",,uclamss_1429_15089,uclamss_1429_15089,,,1 photograph,b&w nitrate negative,,,,,,,,,Access to this collection is generously supported by Arcadia funds.,,,,succeeded,https://iiif.library.ucla.edu/iiif/2/ark%3A%2F21198%2Fzz002j8svb,http://iiif.library.ucla.edu/ark%3A%2F21198%2Fzz002j8svb/manifest
Los Angeles Times Photographic Archive,ark:/21198/zz002j8swv,ark:/21198/zz0002np7z,5,Imported,Work,latimes/masters/uclamss_1429_15090.tif,,,,,still image,news photographs|~|cellulose nitrate film,,copyrighted,"UCLA Charles E. Young Research Library Department of Special Collections, A1713 Young Research Library, Box 951575, Los Angeles, CA 90095-1575. E-mail: spec-coll@library.ucla.edu. Phone: (310)825-4988",,,,"University of California, Los Angeles. $b Library. $b Dept. of Special Collections",,,,US,,zxx,,Y,Los Angeles Times,"Los Angeles Times Photographic Archive. Department of Special Collections, Charles E. Young Research Library, UCLA.",,uclamss_1429_15090,uclamss_1429_15090,,,1 photograph,b&w nitrate negative,,,,,,,,,Access to this collection is generously supported by Arcadia funds.,,,,succeeded,https://iiif.library.ucla.edu/iiif/2/ark%3A%2F21198%2Fzz002j8swv,http://iiif.library.ucla.edu/ark%3A%2F21198%2Fzz002j8swv/manifest
Los Angeles Times Photographic Archive,ark:/21198/zz002j8sxc,ark:/21198/zz0002np7z,5,Imported,Work,latimes/masters/uclamss_1429_15091.tif,,,,,still image,news photographs|~|cellulose nitrate film,,copyrighted,"UCLA Charles E. Young Research Library Department of Special Collections, A1713 Young Research Library, Box 951575, Los Angeles, CA 90095-1575. E-mail: spec-coll@library.ucla.edu. Phone: (310)825-4988",,,,"University of California, Los Angeles. $b Library. $b Dept. of Special Collections",,,,US,,zxx,,Y,Los Angeles Times,"Los Angeles Times Photographic Archive. Department of Special Collections, Charles E. Young Research Library, UCLA.",,uclamss_1429_15091,uclamss_1429_15091,,,1 photograph,b&w nitrate negative,,,,,,,,,Access to this collection is generously supported by Arcadia funds.,,,,succeeded,https://iiif.library.ucla.edu/iiif/2/ark%3A%2F21198%2Fzz002j8sxc,http://iiif.library.ucla.edu/ark%3A%2F21198%2Fzz002j8sxc/manifest
Los Angeles Times Photographic Archive,ark:/21198/zz002j8szw,ark:/21198/zz0002np7z,5,Imported,Work,latimes/masters/uclamss_1429_15092.tif,,,,,still image,news photographs|~|cellulose nitrate film,,copyrighted,"UCLA Charles E. Young Research Library Department of Special Collections, A1713 Young Research Library, Box 951575, Los Angeles, CA 90095-1575. E-mail: spec-coll@library.ucla.edu. Phone: (310)825-4988",,,,"University of California, Los Angeles. $b Library. $b Dept. of Special Collections",,,,US,,zxx,,Y,Los Angeles Times,"Los Angeles Times Photographic Archive. Department of Special Collections, Charles E. Young Research Library, UCLA.",,uclamss_1429_15092,uclamss_1429_15092,,,1 photograph,b&w nitrate negative,,,,,,,,,Access to this collection is generously supported by Arcadia funds.,,,,succeeded,https://iiif.library.ucla.edu/iiif/2/ark%3A%2F21198%2Fzz002j8szw,http://iiif.library.ucla.edu/ark%3A%2F21198%2Fzz002j8szw/manifest
Los Angeles Times Photographic Archive,ark:/21198/zz002j8t0w,ark:/21198/zz0002np7z,2,Completed,Work,latimes/masters/uclamss_1429_15093.tif,,,,Divorce $z California $z Los Angeles|~|Children $z California $z Los Angeles|~|Snapshots,still image,news photographs|~|cellulose nitrate film,"Emerson, Walter, $d 1923-2011|~|Emerson, Frank Barton, $d 1934-1979",copyrighted,"UCLA Charles E. Young Research Library Department of Special Collections, A1713 Young Research Library, Box 951575, Los Angeles, CA 90095-1575. E-mail: spec-coll@library.ucla.edu. Phone: (310)825-4988",Los Angeles (Calif.),,,"University of California, Los Angeles. $b Library. $b Dept. of Special Collections",,,,US,,zxx,,Y,Los Angeles Times,"Los Angeles Times Photographic Archive. Department of Special Collections, Charles E. Young Research Library, UCLA.",,uclamss_1429_15093,"Frank Emerson is held by his older brother Walter Emerson, Los Angeles, 1935","Handwritten on negative: 40209 Walter Emerson's children|~|Text from newspaper caption: Two pawns in the Emerson-Sewell love quadrangle, Walter Emerson, 11 years of age, shown in this exclusive picture holding his baby brother, Frank Barton Emerson, 1.",February 1935,1 photograph,b&w nitrate negative,,1935-02,,,"Photograph appears with the article, ""Judge Acts For Boy Trio,"" Los Angeles Times, 26 Feb 1935: A3.|~|The snapshot of a smiling Walter holding baby Frank is piled on top of several other pictures, the edges of which can be seen in the photograph.|~|Although the photograph appears with the newspaper issued on February 26, 1935 it is not specified if the picture was taken at an earlier date.",,,,Access to this collection is generously supported by Arcadia funds.,,,,succeeded,https://iiif.library.ucla.edu/iiif/2/ark%3A%2F21198%2Fzz002j8t0w,http://iiif.library.ucla.edu/ark%3A%2F21198%2Fzz002j8t0w/manifest
Los Angeles Times Photographic Archive,ark:/21198/zz002j8t1d,ark:/21198/zz0002np7z,2,Completed,Work,latimes/masters/uclamss_1429_15094.tif,,,,Actors $x American $z California $z Los Angeles|~|Fathers $z California $z Los Angeles|~|Infants $z California $z Los Angeles|~|Custody of children $z California $z Los Angeles,still image,news photographs|~|cellulose nitrate film,"Emerson, Frank Barton, $d 1934-1979|~|Emerson, Ralph, 1899-1984",copyrighted,"UCLA Charles E. Young Research Library Department of Special Collections, A1713 Young Research Library, Box 951575, Los Angeles, CA 90095-1575. E-mail: spec-coll@library.ucla.edu. Phone: (310)825-4988",Los Angeles (Calif.),,,"University of California, Los Angeles. $b Library. $b Dept. of Special Collections",,,,US,,zxx,,Y,Los Angeles Times,"Los Angeles Times Photographic Archive. Department of Special Collections, Charles E. Young Research Library, UCLA.",,uclamss_1429_15094,"Ralph Emerson, actor, holds his son Frank Barton Emerson, Los Angeles, 1935","Text from newspaper caption: With his youngest son, Frank Barton, Walter Emerson is shown in picture. The baby was named after Barton Sewell, whom Emerson accuses of an ""affair"" with Mrs. Emerson.|~|Handwritten on negative: 40209 Walter Emerson + child",February 1935,1 photograph,b&w nitrate negative,,1935-02,,,"Although the photograph appears with the newspaper issued on February 23, 1935 it is not specified if the picture was taken at an earlier date.|~|Photograph appears with the article, ""'Last Ditch' Fight Planned By Emerson To Keep Sons,"" Los Angeles Times, 23 Feb 1935: 3.|~|A smiling Walter Emerson holds Frank up to the camera.|~|Walter W. Emerson is listed as Ralph Emerson in the LCNAF.",,,,Access to this collection is generously supported by Arcadia funds.,,,,succeeded,https://iiif.library.ucla.edu/iiif/2/ark%3A%2F21198%2Fzz002j8t1d,http://iiif.library.ucla.edu/ark%3A%2F21198%2Fzz002j8t1d/manifest
Los Angeles Times Photographic Archive,ark:/21198/zz002j8t2x,ark:/21198/zz0002np7z,5,Imported,Work,latimes/masters/uclamss_1429_15095.tif,,,,,still image,news photographs|~|cellulose nitrate film,,copyrighted,"UCLA Charles E. Young Research Library Department of Special Collections, A1713 Young Research Library, Box 951575, Los Angeles, CA 90095-1575. E-mail: spec-coll@library.ucla.edu. Phone: (310)825-4988",,,,"University of California, Los Angeles. $b Library. $b Dept. of Special Collections",,,,US,,zxx,,Y,Los Angeles Times,"Los Angeles Times Photographic Archive. Department of Special Collections, Charles E. Young Research Library, UCLA.",,uclamss_1429_15095,uclamss_1429_15095,,,1 photograph,b&w nitrate negative,,,,,,,,,Access to this collection is generously supported by Arcadia funds.,,,,succeeded,https://iiif.library.ucla.edu/iiif/2/ark%3A%2F21198%2Fzz002j8t2x,http://iiif.library.ucla.edu/ark%3A%2F21198%2Fzz002j8t2x/manifest
Los Angeles Times Photographic Archive,ark:/21198/zz002j8t3f,ark:/21198/zz0002np7z,5,Imported,Work,latimes/masters/uclamss_1429_15096.tif,,,,,still image,news photographs|~|cellulose nitrate film,,copyrighted,"UCLA Charles E. Young Research Library Department of Special Collections, A1713 Young Research Library, Box 951575, Los Angeles, CA 90095-1575. E-mail: spec-coll@library.ucla.edu. Phone: (310)825-4988",,,,"University of California, Los Angeles. $b Library. $b Dept. of Special Collections",,,,US,,zxx,,Y,Los Angeles Times,"Los Angeles Times Photographic Archive. Department of Special Collections, Charles E. Young Research Library, UCLA.",,uclamss_1429_15096,uclamss_1429_15096,,,1 photograph,b&w nitrate negative,,,,,,,,,Access to this collection is generously supported by Arcadia funds.,,,,succeeded,https://iiif.library.ucla.edu/iiif/2/ark%3A%2F21198%2Fzz002j8t3f,http://iiif.library.ucla.edu/ark%3A%2F21198%2Fzz002j8t3f/manifest
Los Angeles Times Photographic Archive,ark:/21198/zz002j8t4z,ark:/21198/zz0002np7z,2,Completed,Work,latimes/masters/uclamss_1429_15097.tif,,,,Child actors $z California $z Los Angeles|~|Judges $z California $z Los Angeles|~|Children $z California $z Los Angeles,still image,news photographs|~|cellulose nitrate film,"Lindsey, Ben B., $d 1869-1943|~|Baby Le Roy|~|Emerson, Walter, $d 1923-2011",copyrighted,"UCLA Charles E. Young Research Library Department of Special Collections, A1713 Young Research Library, Box 951575, Los Angeles, CA 90095-1575. E-mail: spec-coll@library.ucla.edu. Phone: (310)825-4988",Los Angeles (Calif.),,,"University of California, Los Angeles. $b Library. $b Dept. of Special Collections",,,,US,,zxx,,Y,Los Angeles Times,"Los Angeles Times Photographic Archive. Department of Special Collections, Charles E. Young Research Library, UCLA.",,uclamss_1429_15097,"Judge Ben Lindsey at lunch with Baby Le Roy and Walter Emerson, Los Angeles, 1935","Handwritten on negative: Walter Emerson Jr Judge Ben Lindsey Baby Le Roy|~|Text from newspaper caption: Baby LeRoy had two guests at a studio luncheon yesterday. Left to right in the picture are Walter Emerson, Jr., whose custody is being contested, Judge Lindsey and Baby LeRoy.","March 2, 1935",1 photograph,b&w nitrate negative,,1935-03-02,,,"Walter Emerson Jr. accompanies Judge Ben Lindsey to meet child actor Baby Le Roy, taking a break from the courtroom drama from his parents' divorce. Baby Le Roy is a former client of Judge Lindsey.|~|Photograph appears with the article, ""Boy Recalls Pie-Hurling,"" Los Angeles Times, 03 Mar 1935: C10.|~|Walter Jr. sits next to Baby Leroy propped up in his highchair. Jude Lindsey kneels between the two boys.",,,,Access to this collection is generously supported by Arcadia funds.,,,,succeeded,https://iiif.library.ucla.edu/iiif/2/ark%3A%2F21198%2Fzz002j8t4z,http://iiif.library.ucla.edu/ark%3A%2F21198%2Fzz002j8t4z/manifest
Los Angeles Times Photographic Archive,ark:/21198/zz002j8t5g,ark:/21198/zz0002np7z,2,Completed,Work,latimes/masters/uclamss_1429_15098.tif,,,,Law & legal affairs $z California $z Los Angeles|~|Lawyers $z California $z Los Angeles,still image,news photographs|~|cellulose nitrate film,"Giesler, Jerry, $d 1886-1962|~|Allen, Dave",copyrighted,"UCLA Charles E. Young Research Library Department of Special Collections, A1713 Young Research Library, Box 951575, Los Angeles, CA 90095-1575. E-mail: spec-coll@library.ucla.edu. Phone: (310)825-4988",Los Angeles (Calif.),,,"University of California, Los Angeles. $b Library. $b Dept. of Special Collections",,,,US,,zxx,,Y,Los Angeles Times,"Los Angeles Times Photographic Archive. Department of Special Collections, Charles E. Young Research Library, UCLA.",,uclamss_1429_15098,"Dave Allen testifies on behalf of Jerry Giesler, Los Angeles, 1934",Handwritten on negative: Dave Allen Jerry Giesler 40794,"July 20, 1934",1 photograph,b&w nitrate negative,,1934-07-20,,,"Similar photograph appears with the article, ""Allen Talks as Witness,"" Los Angeles Times, 21 July 1934: A1.|~|In Superior Judge Schauer's court there have been accusations that the married casting director Dave Allen engaged in possible infidelity with June De Long and Gloria Marsh. Allen has claimed that this is a plot against him devised by Pat Harmon, who threatened him.|~|Allen and Giesler stand together while Allen smokes a cigar.",,,,Access to this collection is generously supported by Arcadia funds.,,,,succeeded,https://iiif.library.ucla.edu/iiif/2/ark%3A%2F21198%2Fzz002j8t5g,http://iiif.library.ucla.edu/ark%3A%2F21198%2Fzz002j8t5g/manifest
Los Angeles Times Photographic Archive,ark:/21198/zz002j8t60,ark:/21198/zz0002np7z,2,Completed,Work,latimes/masters/uclamss_1429_15099.tif,,,,Law enforcement $z California $z Los Angeles|~|Courtrooms $z California $z Los Angeles|~|Lawyers $z California $z Los Angeles,still image,news photographs|~|cellulose nitrate film,"Veitch, Arthur, $d 1884-1968|~|Giesler, Jerry, $d 1886-1962|~|Allen, Dave",copyrighted,"UCLA Charles E. Young Research Library Department of Special Collections, A1713 Young Research Library, Box 951575, Los Angeles, CA 90095-1575. E-mail: spec-coll@library.ucla.edu. Phone: (310)825-4988",Los Angeles (Calif.),,,"University of California, Los Angeles. $b Library. $b Dept. of Special Collections",,,,US,,zxx,,Y,Los Angeles Times,"Los Angeles Times Photographic Archive. Department of Special Collections, Charles E. Young Research Library, UCLA.",,uclamss_1429_15099,"Jerry Geisler watches as Arthur Veitch cross examines his client, Dave Allen, Los Angeles, 1934","Handwritten on negative: 40794 Dave Allen Jerry Gisler Arthur Vietch|~|Text from newspaper caption: Ex-Casting Director on Witness Stand Arthur Veitch, deputy District Attorney, is shown by the candid camera, cross-examining Dave Allen (at the extreme right) while Defense Counsel Jerry Geisler (center) attends to the rights of his clients.","July 20, 1934",1 photograph,b&w nitrate negative,,1934-07-20,,,"In Superior Judge Schauer's court there have been accusations that the married casting director Dave Allen engaged in possible infidelity with June De Long and Gloria Marsh. Allen has claimed that this is a plot against him devised by Pat Harmon, who threatened him.|~|Dave Allen sits on the witness stand as Arthur Vietch reviews documents with him. Jerry Giesler watches.|~|Photograph appears with the article, ""Allen Talks as Witness,"" Los Angeles Times, 21 July 1934: A1.",,,,Access to this collection is generously supported by Arcadia funds.,,,,succeeded,https://iiif.library.ucla.edu/iiif/2/ark%3A%2F21198%2Fzz002j8t60,http://iiif.library.ucla.edu/ark%3A%2F21198%2Fzz002j8t60/manifest
Los Angeles Times Photographic Archive,ark:/21198/zz002j8t7h,ark:/21198/zz0002np7z,5,Imported,Work,latimes/masters/uclamss_1429_15100.tif,,,,,still image,news photographs|~|cellulose nitrate film,,copyrighted,"UCLA Charles E. Young Research Library Department of Special Collections, A1713 Young Research Library, Box 951575, Los Angeles, CA 90095-1575. E-mail: spec-coll@library.ucla.edu. Phone: (310)825-4988",,,,"University of California, Los Angeles. $b Library. $b Dept. of Special Collections",,,,US,,zxx,,Y,Los Angeles Times,"Los Angeles Times Photographic Archive. Department of Special Collections, Charles E. Young Research Library, UCLA.",,uclamss_1429_15100,uclamss_1429_15100,,,1 photograph,b&w nitrate negative,,,,,,,,,Access to this collection is generously supported by Arcadia funds.,,,,succeeded,https://iiif.library.ucla.edu/iiif/2/ark%3A%2F21198%2Fzz002j8t7h,http://iiif.library.ucla.edu/ark%3A%2F21198%2Fzz002j8t7h/manifest
Los Angeles Times Photographic Archive,ark:/21198/zz002j8t81,ark:/21198/zz0002np7z,5,Imported,Work,latimes/masters/uclamss_1429_15101.tif,,,,,still image,news photographs|~|cellulose nitrate film,,copyrighted,"UCLA Charles E. Young Research Library Department of Special Collections, A1713 Young Research Library, Box 951575, Los Angeles, CA 90095-1575. E-mail: spec-coll@library.ucla.edu. Phone: (310)825-4988",,,,"University of California, Los Angeles. $b Library. $b Dept. of Special Collections",,,,US,,zxx,,Y,Los Angeles Times,"Los Angeles Times Photographic Archive. Department of Special Collections, Charles E. Young Research Library, UCLA.",,uclamss_1429_15101,uclamss_1429_15101,,,1 photograph,b&w nitrate negative,,,,,,,,,Access to this collection is generously supported by Arcadia funds.,,,,succeeded,https://iiif.library.ucla.edu/iiif/2/ark%3A%2F21198%2Fzz002j8t81,http://iiif.library.ucla.edu/ark%3A%2F21198%2Fzz002j8t81/manifest
Los Angeles Times Photographic Archive,ark:/21198/zz002j8t9j,ark:/21198/zz0002np7z,5,Imported,Work,latimes/masters/uclamss_1429_15102.tif,,,,,still image,news photographs|~|cellulose nitrate film,,copyrighted,"UCLA Charles E. Young Research Library Department of Special Collections, A1713 Young Research Library, Box 951575, Los Angeles, CA 90095-1575. E-mail: spec-coll@library.ucla.edu. Phone: (310)825-4988",,,,"University of California, Los Angeles. $b Library. $b Dept. of Special Collections",,,,US,,zxx,,Y,Los Angeles Times,"Los Angeles Times Photographic Archive. Department of Special Collections, Charles E. Young Research Library, UCLA.",,uclamss_1429_15102,uclamss_1429_15102,,,1 photograph,b&w nitrate negative,,,,,,,,,Access to this collection is generously supported by Arcadia funds.,,,,succeeded,https://iiif.library.ucla.edu/iiif/2/ark%3A%2F21198%2Fzz002j8t9j,http://iiif.library.ucla.edu/ark%3A%2F21198%2Fzz002j8t9j/manifest
Los Angeles Times Photographic Archive,ark:/21198/zz002j8tb2,ark:/21198/zz0002np7z,5,Imported,Work,latimes/masters/uclamss_1429_15103.tif,,,,,still image,news photographs|~|cellulose nitrate film,,copyrighted,"UCLA Charles E. Young Research Library Department of Special Collections, A1713 Young Research Library, Box 951575, Los Angeles, CA 90095-1575. E-mail: spec-coll@library.ucla.edu. Phone: (310)825-4988",,,,"University of California, Los Angeles. $b Library. $b Dept. of Special Collections",,,,US,,zxx,,Y,Los Angeles Times,"Los Angeles Times Photographic Archive. Department of Special Collections, Charles E. Young Research Library, UCLA.",,uclamss_1429_15103,uclamss_1429_15103,,,1 photograph,b&w nitrate negative,,,,,,,,,Access to this collection is generously supported by Arcadia funds.,,,,succeeded,https://iiif.library.ucla.edu/iiif/2/ark%3A%2F21198%2Fzz002j8tb2,http://iiif.library.ucla.edu/ark%3A%2F21198%2Fzz002j8tb2/manifest
Los Angeles Times Photographic Archive,ark:/21198/zz002j8tck,ark:/21198/zz0002np7z,5,Imported,Work,latimes/masters/uclamss_1429_15104.tif,,,,,still image,news photographs|~|cellulose nitrate film,,copyrighted,"UCLA Charles E. Young Research Library Department of Special Collections, A1713 Young Research Library, Box 951575, Los Angeles, CA 90095-1575. E-mail: spec-coll@library.ucla.edu. Phone: (310)825-4988",,,,"University of California, Los Angeles. $b Library. $b Dept. of Special Collections",,,,US,,zxx,,Y,Los Angeles Times,"Los Angeles Times Photographic Archive. Department of Special Collections, Charles E. Young Research Library, UCLA.",,uclamss_1429_15104,uclamss_1429_15104,,,1 photograph,b&w nitrate negative,,,,,,,,,Access to this collection is generously supported by Arcadia funds.,,,,succeeded,https://iiif.library.ucla.edu/iiif/2/ark%3A%2F21198%2Fzz002j8tck,http://iiif.library.ucla.edu/ark%3A%2F21198%2Fzz002j8tck/manifest
Los Angeles Times Photographic Archive,ark:/21198/zz002j8td3,ark:/21198/zz0002np7z,5,Imported,Work,latimes/masters/uclamss_1429_15105.tif,,,,,still image,news photographs|~|cellulose nitrate film,,copyrighted,"UCLA Charles E. Young Research Library Department of Special Collections, A1713 Young Research Library, Box 951575, Los Angeles, CA 90095-1575. E-mail: spec-coll@library.ucla.edu. Phone: (310)825-4988",,,,"University of California, Los Angeles. $b Library. $b Dept. of Special Collections",,,,US,,zxx,,Y,Los Angeles Times,"Los Angeles Times Photographic Archive. Department of Special Collections, Charles E. Young Research Library, UCLA.",,uclamss_1429_15105,uclamss_1429_15105,,,1 photograph,b&w nitrate negative,,,,,,,,,Access to this collection is generously supported by Arcadia funds.,,,,succeeded,https://iiif.library.ucla.edu/iiif/2/ark%3A%2F21198%2Fzz002j8td3,http://iiif.library.ucla.edu/ark%3A%2F21198%2Fzz002j8td3/manifest
Los Angeles Times Photographic Archive,ark:/21198/zz002j8tfm,ark:/21198/zz0002np7z,5,Imported,Work,latimes/masters/uclamss_1429_15106.tif,,,,,still image,news photographs|~|cellulose nitrate film,,copyrighted,"UCLA Charles E. Young Research Library Department of Special Collections, A1713 Young Research Library, Box 951575, Los Angeles, CA 90095-1575. E-mail: spec-coll@library.ucla.edu. Phone: (310)825-4988",,,,"University of California, Los Angeles. $b Library. $b Dept. of Special Collections",,,,US,,zxx,,Y,Los Angeles Times,"Los Angeles Times Photographic Archive. Department of Special Collections, Charles E. Young Research Library, UCLA.",,uclamss_1429_15106,uclamss_1429_15106,,,1 photograph,b&w nitrate negative,,,,,,,,,Access to this collection is generously supported by Arcadia funds.,,,,succeeded,https://iiif.library.ucla.edu/iiif/2/ark%3A%2F21198%2Fzz002j8tfm,http://iiif.library.ucla.edu/ark%3A%2F21198%2Fzz002j8tfm/manifest
Los Angeles Times Photographic Archive,ark:/21198/zz002j8tg4,ark:/21198/zz0002np7z,5,Imported,Work,latimes/masters/uclamss_1429_15107.tif,,,,,still image,news photographs|~|cellulose nitrate film,,copyrighted,"UCLA Charles E. Young Research Library Department of Special Collections, A1713 Young Research Library, Box 951575, Los Angeles, CA 90095-1575. E-mail: spec-coll@library.ucla.edu. Phone: (310)825-4988",,,,"University of California, Los Angeles. $b Library. $b Dept. of Special Collections",,,,US,,zxx,,Y,Los Angeles Times,"Los Angeles Times Photographic Archive. Department of Special Collections, Charles E. Young Research Library, UCLA.",,uclamss_1429_15107,uclamss_1429_15107,,,1 photograph,b&w nitrate negative,,,,,,,,,Access to this collection is generously supported by Arcadia funds.,,,,succeeded,https://iiif.library.ucla.edu/iiif/2/ark%3A%2F21198%2Fzz002j8tg4,http://iiif.library.ucla.edu/ark%3A%2F21198%2Fzz002j8tg4/manifest
Los Angeles Times Photographic Archive,ark:/21198/zz002j8thn,ark:/21198/zz0002np7z,5,Imported,Work,latimes/masters/uclamss_1429_15108.tif,,,,,still image,news photographs|~|cellulose nitrate film,,copyrighted,"UCLA Charles E. Young Research Library Department of Special Collections, A1713 Young Research Library, Box 951575, Los Angeles, CA 90095-1575. E-mail: spec-coll@library.ucla.edu. Phone: (310)825-4988",,,,"University of California, Los Angeles. $b Library. $b Dept. of Special Collections",,,,US,,zxx,,Y,Los Angeles Times,"Los Angeles Times Photographic Archive. Department of Special Collections, Charles E. Young Research Library, UCLA.",,uclamss_1429_15108,uclamss_1429_15108,,,1 photograph,b&w nitrate negative,,,,,,,,,Access to this collection is generously supported by Arcadia funds.,,,,succeeded,https://iiif.library.ucla.edu/iiif/2/ark%3A%2F21198%2Fzz002j8thn,http://iiif.library.ucla.edu/ark%3A%2F21198%2Fzz002j8thn/manifest
Los Angeles Times Photographic Archive,ark:/21198/zz002j8tj5,ark:/21198/zz0002np7z,5,Imported,Work,latimes/masters/uclamss_1429_15109.tif,,,,,still image,news photographs|~|cellulose nitrate film,,copyrighted,"UCLA Charles E. Young Research Library Department of Special Collections, A1713 Young Research Library, Box 951575, Los Angeles, CA 90095-1575. E-mail: spec-coll@library.ucla.edu. Phone: (310)825-4988",,,,"University of California, Los Angeles. $b Library. $b Dept. of Special Collections",,,,US,,zxx,,Y,Los Angeles Times,"Los Angeles Times Photographic Archive. Department of Special Collections, Charles E. Young Research Library, UCLA.",,uclamss_1429_15109,uclamss_1429_15109,,,1 photograph,b&w nitrate negative,,,,,,,,,Access to this collection is generously supported by Arcadia funds.,,,,succeeded,https://iiif.library.ucla.edu/iiif/2/ark%3A%2F21198%2Fzz002j8tj5,http://iiif.library.ucla.edu/ark%3A%2F21198%2Fzz002j8tj5/manifest
Los Angeles Times Photographic Archive,ark:/21198/zz002j8tkp,ark:/21198/zz0002np7z,5,Imported,Work,latimes/masters/uclamss_1429_15110.tif,,,,,still image,news photographs|~|cellulose nitrate film,,copyrighted,"UCLA Charles E. Young Research Library Department of Special Collections, A1713 Young Research Library, Box 951575, Los Angeles, CA 90095-1575. E-mail: spec-coll@library.ucla.edu. Phone: (310)825-4988",,,,"University of California, Los Angeles. $b Library. $b Dept. of Special Collections",,,,US,,zxx,,Y,Los Angeles Times,"Los Angeles Times Photographic Archive. Department of Special Collections, Charles E. Young Research Library, UCLA.",,uclamss_1429_15110,uclamss_1429_15110,,,1 photograph,b&w nitrate negative,,,,,,,,,Access to this collection is generously supported by Arcadia funds.,,,,succeeded,https://iiif.library.ucla.edu/iiif/2/ark%3A%2F21198%2Fzz002j8tkp,http://iiif.library.ucla.edu/ark%3A%2F21198%2Fzz002j8tkp/manifest
Los Angeles Times Photographic Archive,ark:/21198/zz002j8tm6,ark:/21198/zz0002np7z,5,Imported,Work,latimes/masters/uclamss_1429_15111.tif,,,,,still image,news photographs|~|cellulose nitrate film,,copyrighted,"UCLA Charles E. Young Research Library Department of Special Collections, A1713 Young Research Library, Box 951575, Los Angeles, CA 90095-1575. E-mail: spec-coll@library.ucla.edu. Phone: (310)825-4988",,,,"University of California, Los Angeles. $b Library. $b Dept. of Special Collections",,,,US,,zxx,,Y,Los Angeles Times,"Los Angeles Times Photographic Archive. Department of Special Collections, Charles E. Young Research Library, UCLA.",,uclamss_1429_15111,uclamss_1429_15111,,,1 photograph,b&w nitrate negative,,,,,,,,,Access to this collection is generously supported by Arcadia funds.,,,,succeeded,https://iiif.library.ucla.edu/iiif/2/ark%3A%2F21198%2Fzz002j8tm6,http://iiif.library.ucla.edu/ark%3A%2F21198%2Fzz002j8tm6/manifest
Los Angeles Times Photographic Archive,ark:/21198/zz002j8tnq,ark:/21198/zz0002np7z,5,Imported,Work,latimes/masters/uclamss_1429_15112.tif,,,,,still image,news photographs|~|cellulose nitrate film,,copyrighted,"UCLA Charles E. Young Research Library Department of Special Collections, A1713 Young Research Library, Box 951575, Los Angeles, CA 90095-1575. E-mail: spec-coll@library.ucla.edu. Phone: (310)825-4988",,,,"University of California, Los Angeles. $b Library. $b Dept. of Special Collections",,,,US,,zxx,,Y,Los Angeles Times,"Los Angeles Times Photographic Archive. Department of Special Collections, Charles E. Young Research Library, UCLA.",,uclamss_1429_15112,uclamss_1429_15112,,,1 photograph,b&w nitrate negative,,,,,,,,,Access to this collection is generously supported by Arcadia funds.,,,,succeeded,https://iiif.library.ucla.edu/iiif/2/ark%3A%2F21198%2Fzz002j8tnq,http://iiif.library.ucla.edu/ark%3A%2F21198%2Fzz002j8tnq/manifest
Los Angeles Times Photographic Archive,ark:/21198/zz002j8tp7,ark:/21198/zz0002np7z,5,Imported,Work,latimes/masters/uclamss_1429_15113.tif,,,,,still image,news photographs|~|cellulose nitrate film,,copyrighted,"UCLA Charles E. Young Research Library Department of Special Collections, A1713 Young Research Library, Box 951575, Los Angeles, CA 90095-1575. E-mail: spec-coll@library.ucla.edu. Phone: (310)825-4988",,,,"University of California, Los Angeles. $b Library. $b Dept. of Special Collections",,,,US,,zxx,,Y,Los Angeles Times,"Los Angeles Times Photographic Archive. Department of Special Collections, Charles E. Young Research Library, UCLA.",,uclamss_1429_15113,uclamss_1429_15113,,,1 photograph,b&w nitrate negative,,,,,,,,,Access to this collection is generously supported by Arcadia funds.,,,,succeeded,https://iiif.library.ucla.edu/iiif/2/ark%3A%2F21198%2Fzz002j8tp7,http://iiif.library.ucla.edu/ark%3A%2F21198%2Fzz002j8tp7/manifest
Los Angeles Times Photographic Archive,ark:/21198/zz002j8tqr,ark:/21198/zz0002np7z,5,Imported,Work,latimes/masters/uclamss_1429_15114.tif,,,,,still image,news photographs|~|cellulose nitrate film,,copyrighted,"UCLA Charles E. Young Research Library Department of Special Collections, A1713 Young Research Library, Box 951575, Los Angeles, CA 90095-1575. E-mail: spec-coll@library.ucla.edu. Phone: (310)825-4988",,,,"University of California, Los Angeles. $b Library. $b Dept. of Special Collections",,,,US,,zxx,,Y,Los Angeles Times,"Los Angeles Times Photographic Archive. Department of Special Collections, Charles E. Young Research Library, UCLA.",,uclamss_1429_15114,uclamss_1429_15114,,,1 photograph,b&w nitrate negative,,,,,,,,,Access to this collection is generously supported by Arcadia funds.,,,,succeeded,https://iiif.library.ucla.edu/iiif/2/ark%3A%2F21198%2Fzz002j8tqr,http://iiif.library.ucla.edu/ark%3A%2F21198%2Fzz002j8tqr/manifest
Los Angeles Times Photographic Archive,ark:/21198/zz002j8tr8,ark:/21198/zz0002np7z,5,Imported,Work,latimes/masters/uclamss_1429_15115.tif,,,,,still image,news photographs|~|cellulose nitrate film,,copyrighted,"UCLA Charles E. Young Research Library Department of Special Collections, A1713 Young Research Library, Box 951575, Los Angeles, CA 90095-1575. E-mail: spec-coll@library.ucla.edu. Phone: (310)825-4988",,,,"University of California, Los Angeles. $b Library. $b Dept. of Special Collections",,,,US,,zxx,,Y,Los Angeles Times,"Los Angeles Times Photographic Archive. Department of Special Collections, Charles E. Young Research Library, UCLA.",,uclamss_1429_15115,uclamss_1429_15115,,,1 photograph,b&w nitrate negative,,,,,,,,,Access to this collection is generously supported by Arcadia funds.,,,,succeeded,https://iiif.library.ucla.edu/iiif/2/ark%3A%2F21198%2Fzz002j8tr8,http://iiif.library.ucla.edu/ark%3A%2F21198%2Fzz002j8tr8/manifest
Los Angeles Times Photographic Archive,ark:/21198/zz002j8tss,ark:/21198/zz0002np7z,5,Imported,Work,latimes/masters/uclamss_1429_15116.tif,,,,,still image,news photographs|~|cellulose nitrate film,,copyrighted,"UCLA Charles E. Young Research Library Department of Special Collections, A1713 Young Research Library, Box 951575, Los Angeles, CA 90095-1575. E-mail: spec-coll@library.ucla.edu. Phone: (310)825-4988",,,,"University of California, Los Angeles. $b Library. $b Dept. of Special Collections",,,,US,,zxx,,Y,Los Angeles Times,"Los Angeles Times Photographic Archive. Department of Special Collections, Charles E. Young Research Library, UCLA.",,uclamss_1429_15116,uclamss_1429_15116,,,1 photograph,b&w nitrate negative,,,,,,,,,Access to this collection is generously supported by Arcadia funds.,,,,succeeded,https://iiif.library.ucla.edu/iiif/2/ark%3A%2F21198%2Fzz002j8tss,http://iiif.library.ucla.edu/ark%3A%2F21198%2Fzz002j8tss/manifest
Los Angeles Times Photographic Archive,ark:/21198/zz002j8tt9,ark:/21198/zz0002np7z,5,Imported,Work,latimes/masters/uclamss_1429_15117.tif,,,,,still image,news photographs|~|cellulose nitrate film,,copyrighted,"UCLA Charles E. Young Research Library Department of Special Collections, A1713 Young Research Library, Box 951575, Los Angeles, CA 90095-1575. E-mail: spec-coll@library.ucla.edu. Phone: (310)825-4988",,,,"University of California, Los Angeles. $b Library. $b Dept. of Special Collections",,,,US,,zxx,,Y,Los Angeles Times,"Los Angeles Times Photographic Archive. Department of Special Collections, Charles E. Young Research Library, UCLA.",,uclamss_1429_15117,uclamss_1429_15117,,,1 photograph,b&w nitrate negative,,,,,,,,,Access to this collection is generously supported by Arcadia funds.,,,,succeeded,https://iiif.library.ucla.edu/iiif/2/ark%3A%2F21198%2Fzz002j8tt9,http://iiif.library.ucla.edu/ark%3A%2F21198%2Fzz002j8tt9/manifest
Los Angeles Times Photographic Archive,ark:/21198/zz002j8tvt,ark:/21198/zz0002np7z,5,Imported,Work,latimes/masters/uclamss_1429_15118.tif,,,,,still image,news photographs|~|cellulose nitrate film,,copyrighted,"UCLA Charles E. Young Research Library Department of Special Collections, A1713 Young Research Library, Box 951575, Los Angeles, CA 90095-1575. E-mail: spec-coll@library.ucla.edu. Phone: (310)825-4988",,,,"University of California, Los Angeles. $b Library. $b Dept. of Special Collections",,,,US,,zxx,,Y,Los Angeles Times,"Los Angeles Times Photographic Archive. Department of Special Collections, Charles E. Young Research Library, UCLA.",,uclamss_1429_15118,uclamss_1429_15118,,,1 photograph,b&w nitrate negative,,,,,,,,,Access to this collection is generously supported by Arcadia funds.,,,,succeeded,https://iiif.library.ucla.edu/iiif/2/ark%3A%2F21198%2Fzz002j8tvt,http://iiif.library.ucla.edu/ark%3A%2F21198%2Fzz002j8tvt/manifest
Los Angeles Times Photographic Archive,ark:/21198/zz002j8twb,ark:/21198/zz0002np7z,5,Imported,Work,latimes/masters/uclamss_1429_15119.tif,,,,,still image,news photographs|~|cellulose nitrate film,,copyrighted,"UCLA Charles E. Young Research Library Department of Special Collections, A1713 Young Research Library, Box 951575, Los Angeles, CA 90095-1575. E-mail: spec-coll@library.ucla.edu. Phone: (310)825-4988",,,,"University of California, Los Angeles. $b Library. $b Dept. of Special Collections",,,,US,,zxx,,Y,Los Angeles Times,"Los Angeles Times Photographic Archive. Department of Special Collections, Charles E. Young Research Library, UCLA.",,uclamss_1429_15119,uclamss_1429_15119,,,1 photograph,b&w nitrate negative,,,,,,,,,Access to this collection is generously supported by Arcadia funds.,,,,succeeded,https://iiif.library.ucla.edu/iiif/2/ark%3A%2F21198%2Fzz002j8twb,http://iiif.library.ucla.edu/ark%3A%2F21198%2Fzz002j8twb/manifest
Los Angeles Times Photographic Archive,ark:/21198/zz002j8txv,ark:/21198/zz0002np7z,5,Imported,Work,latimes/masters/uclamss_1429_15120.tif,,,,,still image,news photographs|~|cellulose nitrate film,,copyrighted,"UCLA Charles E. Young Research Library Department of Special Collections, A1713 Young Research Library, Box 951575, Los Angeles, CA 90095-1575. E-mail: spec-coll@library.ucla.edu. Phone: (310)825-4988",,,,"University of California, Los Angeles. $b Library. $b Dept. of Special Collections",,,,US,,zxx,,Y,Los Angeles Times,"Los Angeles Times Photographic Archive. Department of Special Collections, Charles E. Young Research Library, UCLA.",,uclamss_1429_15120,uclamss_1429_15120,,,1 photograph,b&w nitrate negative,,,,,,,,,Access to this collection is generously supported by Arcadia funds.,,,,succeeded,https://iiif.library.ucla.edu/iiif/2/ark%3A%2F21198%2Fzz002j8txv,http://iiif.library.ucla.edu/ark%3A%2F21198%2Fzz002j8txv/manifest
Los Angeles Times Photographic Archive,ark:/21198/zz002j8tzc,ark:/21198/zz0002np7z,5,Imported,Work,latimes/masters/uclamss_1429_15121.tif,,,,,still image,news photographs|~|cellulose nitrate film,,copyrighted,"UCLA Charles E. Young Research Library Department of Special Collections, A1713 Young Research Library, Box 951575, Los Angeles, CA 90095-1575. E-mail: spec-coll@library.ucla.edu. Phone: (310)825-4988",,,,"University of California, Los Angeles. $b Library. $b Dept. of Special Collections",,,,US,,zxx,,Y,Los Angeles Times,"Los Angeles Times Photographic Archive. Department of Special Collections, Charles E. Young Research Library, UCLA.",,uclamss_1429_15121,uclamss_1429_15121,,,1 photograph,b&w nitrate negative,,,,,,,,,Access to this collection is generously supported by Arcadia funds.,,,,succeeded,https://iiif.library.ucla.edu/iiif/2/ark%3A%2F21198%2Fzz002j8tzc,http://iiif.library.ucla.edu/ark%3A%2F21198%2Fzz002j8tzc/manifest
Los Angeles Times Photographic Archive,ark:/21198/zz002j8v0c,ark:/21198/zz0002np7z,5,Imported,Work,latimes/masters/uclamss_1429_15122.tif,,,,,still image,news photographs|~|cellulose nitrate film,,copyrighted,"UCLA Charles E. Young Research Library Department of Special Collections, A1713 Young Research Library, Box 951575, Los Angeles, CA 90095-1575. E-mail: spec-coll@library.ucla.edu. Phone: (310)825-4988",,,,"University of California, Los Angeles. $b Library. $b Dept. of Special Collections",,,,US,,zxx,,Y,Los Angeles Times,"Los Angeles Times Photographic Archive. Department of Special Collections, Charles E. Young Research Library, UCLA.",,uclamss_1429_15122,uclamss_1429_15122,,,1 photograph,b&w nitrate negative,,,,,,,,,Access to this collection is generously supported by Arcadia funds.,,,,succeeded,https://iiif.library.ucla.edu/iiif/2/ark%3A%2F21198%2Fzz002j8v0c,http://iiif.library.ucla.edu/ark%3A%2F21198%2Fzz002j8v0c/manifest
Los Angeles Times Photographic Archive,ark:/21198/zz002j8v1w,ark:/21198/zz0002np7z,5,Imported,Work,latimes/masters/uclamss_1429_15123.tif,,,,,still image,news photographs|~|cellulose nitrate film,,copyrighted,"UCLA Charles E. Young Research Library Department of Special Collections, A1713 Young Research Library, Box 951575, Los Angeles, CA 90095-1575. E-mail: spec-coll@library.ucla.edu. Phone: (310)825-4988",,,,"University of California, Los Angeles. $b Library. $b Dept. of Special Collections",,,,US,,zxx,,Y,Los Angeles Times,"Los Angeles Times Photographic Archive. Department of Special Collections, Charles E. Young Research Library, UCLA.",,uclamss_1429_15123,uclamss_1429_15123,,,1 photograph,b&w nitrate negative,,,,,,,,,Access to this collection is generously supported by Arcadia funds.,,,,succeeded,https://iiif.library.ucla.edu/iiif/2/ark%3A%2F21198%2Fzz002j8v1w,http://iiif.library.ucla.edu/ark%3A%2F21198%2Fzz002j8v1w/manifest
Los Angeles Times Photographic Archive,ark:/21198/zz002j8v2d,ark:/21198/zz0002np7z,5,Imported,Work,latimes/masters/uclamss_1429_15124.tif,,,,,still image,news photographs|~|cellulose nitrate film,,copyrighted,"UCLA Charles E. Young Research Library Department of Special Collections, A1713 Young Research Library, Box 951575, Los Angeles, CA 90095-1575. E-mail: spec-coll@library.ucla.edu. Phone: (310)825-4988",,,,"University of California, Los Angeles. $b Library. $b Dept. of Special Collections",,,,US,,zxx,,Y,Los Angeles Times,"Los Angeles Times Photographic Archive. Department of Special Collections, Charles E. Young Research Library, UCLA.",,uclamss_1429_15124,uclamss_1429_15124,,,1 photograph,b&w nitrate negative,,,,,,,,,Access to this collection is generously supported by Arcadia funds.,,,,succeeded,https://iiif.library.ucla.edu/iiif/2/ark%3A%2F21198%2Fzz002j8v2d,http://iiif.library.ucla.edu/ark%3A%2F21198%2Fzz002j8v2d/manifest
Los Angeles Times Photographic Archive,ark:/21198/zz002j8v3x,ark:/21198/zz0002np7z,5,Imported,Work,latimes/masters/uclamss_1429_15125.tif,,,,,still image,news photographs|~|cellulose nitrate film,,copyrighted,"UCLA Charles E. Young Research Library Department of Special Collections, A1713 Young Research Library, Box 951575, Los Angeles, CA 90095-1575. E-mail: spec-coll@library.ucla.edu. Phone: (310)825-4988",,,,"University of California, Los Angeles. $b Library. $b Dept. of Special Collections",,,,US,,zxx,,Y,Los Angeles Times,"Los Angeles Times Photographic Archive. Department of Special Collections, Charles E. Young Research Library, UCLA.",,uclamss_1429_15125,uclamss_1429_15125,,,1 photograph,b&w nitrate negative,,,,,,,,,Access to this collection is generously supported by Arcadia funds.,,,,succeeded,https://iiif.library.ucla.edu/iiif/2/ark%3A%2F21198%2Fzz002j8v3x,http://iiif.library.ucla.edu/ark%3A%2F21198%2Fzz002j8v3x/manifest
Los Angeles Times Photographic Archive,ark:/21198/zz002j8v4f,ark:/21198/zz0002np7z,5,Imported,Work,latimes/masters/uclamss_1429_15126.tif,,,,,still image,news photographs|~|cellulose nitrate film,,copyrighted,"UCLA Charles E. Young Research Library Department of Special Collections, A1713 Young Research Library, Box 951575, Los Angeles, CA 90095-1575. E-mail: spec-coll@library.ucla.edu. Phone: (310)825-4988",,,,"University of California, Los Angeles. $b Library. $b Dept. of Special Collections",,,,US,,zxx,,Y,Los Angeles Times,"Los Angeles Times Photographic Archive. Department of Special Collections, Charles E. Young Research Library, UCLA.",,uclamss_1429_15126,uclamss_1429_15126,,,1 photograph,b&w nitrate negative,,,,,,,,,Access to this collection is generously supported by Arcadia funds.,,,,succeeded,https://iiif.library.ucla.edu/iiif/2/ark%3A%2F21198%2Fzz002j8v4f,http://iiif.library.ucla.edu/ark%3A%2F21198%2Fzz002j8v4f/manifest
Los Angeles Times Photographic Archive,ark:/21198/zz002j8v5z,ark:/21198/zz0002np7z,5,Imported,Work,latimes/masters/uclamss_1429_15127.tif,,,,,still image,news photographs|~|cellulose nitrate film,,copyrighted,"UCLA Charles E. Young Research Library Department of Special Collections, A1713 Young Research Library, Box 951575, Los Angeles, CA 90095-1575. E-mail: spec-coll@library.ucla.edu. Phone: (310)825-4988",,,,"University of California, Los Angeles. $b Library. $b Dept. of Special Collections",,,,US,,zxx,,Y,Los Angeles Times,"Los Angeles Times Photographic Archive. Department of Special Collections, Charles E. Young Research Library, UCLA.",,uclamss_1429_15127,uclamss_1429_15127,,,1 photograph,b&w nitrate negative,,,,,,,,,Access to this collection is generously supported by Arcadia funds.,,,,succeeded,https://iiif.library.ucla.edu/iiif/2/ark%3A%2F21198%2Fzz002j8v5z,http://iiif.library.ucla.edu/ark%3A%2F21198%2Fzz002j8v5z/manifest
Los Angeles Times Photographic Archive,ark:/21198/zz002j8v6g,ark:/21198/zz0002np7z,2,Completed,Work,latimes/masters/uclamss_1429_15128.tif,,,,Daughters $x American $z California $z Glendale|~|Fathers $z California $z Glendale,still image,news photographs|~|cellulose nitrate film,"Robles, June Cecilia, $d 1927-2014|~|Robles, Fernando A., $d 1904-1993",copyrighted,"UCLA Charles E. Young Research Library Department of Special Collections, A1713 Young Research Library, Box 951575, Los Angeles, CA 90095-1575. E-mail: spec-coll@library.ucla.edu. Phone: (310)825-4988",Glendale (Calif.),,,"University of California, Los Angeles. $b Library. $b Dept. of Special Collections",,,,US,,zxx,,Y,Los Angeles Times,"Los Angeles Times Photographic Archive. Department of Special Collections, Charles E. Young Research Library, UCLA.",,uclamss_1429_15128,"June Robles puts her arms around her father Fernando, Glendale, 1934","Text from newspaper caption: June Robles Frolicking With Father June Robles, Arizona kidnap victim, proved, when she arrived in Glendale yesterday to visit her grandmother and other relatives, that despite her harrowing desert experience she still enjoys riding piggy-back on the shoulders of her father, Ferdinand Robles.|~|Text from negative sleeve: Robles, June kidnap case 1934 (belong to env. in Box 28-BATCH #7)","May 25, 1934",1 photograph,b&w nitrate negative,,1934-05-25,,,"June Robles (2nd from right) sits with three other girls on a step in front of a door. An unidentified blonde woman kneels behind them, and another young child is visible inside the building.|~|Photograph appears with the article, ""Robles Girl Visits Here,"" Los Angeles Times, 26 May 1934: A1.|~|June rides her father's back as he sits on the stoop, both smiling.|~|Brian Foy claims a contract for three months' was signed for the child. The family traveled by train to Glendale to visit Mrs. Robles' relatives. Robles denies that he agreed to sign June. Fernando also claims that June is doing very well since her rescue from the shallow pit she had been imprisoned in in the desert, having gained eight pounds. All questions June was asked concerning the kidnapping she replied with ""I don't know.""",,,,Access to this collection is generously supported by Arcadia funds.,,,,succeeded,https://iiif.library.ucla.edu/iiif/2/ark%3A%2F21198%2Fzz002j8v6g,http://iiif.library.ucla.edu/ark%3A%2F21198%2Fzz002j8v6g/manifest
Los Angeles Times Photographic Archive,ark:/21198/zz002kcx87,ark:/21198/zz0002np7z,2,Completed,Work,latimes/masters/21198-zz002kcx87_2399049_master.tif,,,,,still image,news photographs|~|cellulose nitrate film,,copyrighted,"UCLA Charles E. Young Research Library Department of Special Collections, A1713 Young Research Library, Box 951575, Los Angeles, CA 90095-1575. E-mail: spec-coll@library.ucla.edu. Phone: (310)825-4988",Los Angeles (Calif.),,,"University of California, Los Angeles. $b Library. $b Dept. of Special Collections",,,,US,,zxx,,Y,Los Angeles Times,"Los Angeles Times Photographic Archive. Department of Special Collections, Charles E. Young Research Library, UCLA.",,uclalsc1429_b25_13,"""Spirit of Hollywood"" float at the Electrical Parade in the Memorial Coliseum, Los Angeles, 193",,"September 24, 1932",1 photograph,b&w nitrate negative,,,,,"""Spirit of Hollywood"" float at the Electrical Parade and sports pageant in the Memorial Coliseum, a charity event produced by local film studios. One man and five young women stand on the float with two women seated above a sign reading ""Welcome to our honored guest Gov. Franklin D. Roosevelt of N.Y.""|~|Event reported in: ""Brilliant Screen Floats Parade and Sports Pageant Thrill Thousands at Stadium: Filmdom Presents Lavish Spectacle at Stadium Electrical Pageant,"" Los Angeles Times, 25 Sep.: 1932: 7|~|Restored negative",,,,,,,,succeeded,https://iiif.library.ucla.edu/iiif/2/ark%3A%2F21198%2Fzz002kcx87,http://iiif.library.ucla.edu/ark%3A%2F21198%2Fzz002kcx87/manifest
Los Angeles Times Photographic Archive,ark:/21198/zz002kcx9r,ark:/21198/zz0002np7z,2,Completed,Work,latimes/masters/21198-zz002kcx9r_2399031_master.tif,,,,Floats (Parades) $z California $z Los Angeles,still image,news photographs|~|cellulose nitrate film,"Los Angeles Memorial Coliseum (Los Angeles, Calif.)|~|Educational Pictures (Firm)",copyrighted,"UCLA Charles E. Young Research Library Department of Special Collections, A1713 Young Research Library, Box 951575, Los Angeles, CA 90095-1575. E-mail: spec-coll@library.ucla.edu. Phone: (310)825-4988",Los Angeles (Calif.),,,"University of California, Los Angeles. $b Library Special Collections",,,,US,,zxx,,Y,Los Angeles Times,"Los Angeles Times Photographic Archive. Department of Special Collections, Charles E. Young Research Library, UCLA.",,uclalsc1429_b25_07,"""Submarine Garden"" float at the Electrical Parade in the Memorial Coliseum, Los Angeles, 1932",,"September 24, 1932",1 photograph,b&w nitrate negative,,,,,"Restored negative|~|""Submarine Garden"" float from Educational Pictures at the Electrical Parade and sports pageant in the Memorial Coliseum, a charity event produced by local film studios. A sign on the float reads ""Educational Pictures.""|~|Event reported in: ""Brilliant Screen Floats Parade and Sports Pageant Thrill Thousands at Stadium: Filmdom Presents Lavish Spectacle at Stadium Electrical Pageant,"" Los Angeles Times, 25 Sep.: 1932: 7",,,,,,,,succeeded,https://iiif.library.ucla.edu/iiif/2/ark%3A%2F21198%2Fzz002kcx9r,http://iiif.library.ucla.edu/ark%3A%2F21198%2Fzz002kcx9r/manifest
Los Angeles Times Photographic Archive,ark:/21198/zz002kcxft,ark:/21198/zz0002np7z,2,Completed,Work,latimes/masters/21198-zz002kcxft_2399052_master.tif,,,,Floats (Parades) $z California $z Los Angeles,still image,news photographs|~|cellulose nitrate film,Warner Bros.,copyrighted,"UCLA Charles E. Young Research Library Department of Special Collections, A1713 Young Research Library, Box 951575, Los Angeles, CA 90095-1575. E-mail: spec-coll@library.ucla.edu. Phone: (310)825-4988",Los Angeles (Calif.),,,"University of California, Los Angeles. $b Library. $b Dept. of Special Collections",,,,US,,zxx,"Los Angeles Times Photographic Archive. Department of Special Collections, Charles E. Young Research Library, UCLA.",Y,Los Angeles Times,,,uclalsc1429_b25_14,"Warner Brothers float at the electrical Parade in the Memorial Coliseum, Los Angeles, 1932",,"September 24, 1932",,b&w nitrate negative,1 photograph,1932-09-24,,,"The Warner Brothers float at the Electrical Parade and sports pageant in the Memorial Coliseum, a charity event produced by local film studios.|~|Restored negative|~|Event reported in: ""Brilliant Screen Floats Parade and Sports Pageant Thrill Thousands at Stadium: Filmdom Presents Lavish Spectacle at Stadium Electrical Pageant,"" Los Angeles Times, 25 Sep.: 1932: 7",,,,,,,,succeeded,https://iiif.library.ucla.edu/iiif/2/ark%3A%2F21198%2Fzz002kcxft,http://iiif.library.ucla.edu/ark%3A%2F21198%2Fzz002kcxft/manifest
Los Angeles Times Photographic Archive,ark:/21198/zz002kcxgb,ark:/21198/zz0002np7z,2,Completed,Work,latimes/masters/21198-zz002kcxgb_2399028_master.tif,,,,Floats (Parades) $z California $z Los Angeles,still image,news photographs|~|cellulose nitrate film,"Los Angeles Memorial Coliseum (Los Angeles, Calif.)|~|Columbia Pictures",copyrighted,"UCLA Charles E. Young Research Library Department of Special Collections, A1713 Young Research Library, Box 951575, Los Angeles, CA 90095-1575. E-mail: spec-coll@library.ucla.edu. Phone: (310)825-4988",Los Angeles (Calif.),,,"University of California, Los Angeles. $b Library Special Collections",,,,US,,zxx,,Y,Los Angeles Times,"Los Angeles Times Photographic Archive. Department of Special Collections, Charles E. Young Research Library, UCLA.",,uclalsc1429_b25_06,"""Rock of Gibralter"" float at the Electrical Parade in the Memorial Coliseum, Los Angeles, 1932",,"September 24, 1932",1 photograph,b&w nitrate negative,,1932-09-24,,,"Restored negative|~|Event reported in: ""Brilliant Screen Floats Parade and Sports Pageant Thrill Thousands at Stadium: Filmdom Presents Lavish Spectacle at Stadium Electrical Pageant,"" Los Angeles Times, 25 Sep.: 1932: 7|~|""Rock of Gibralter"" float at the Electrical Parade and sports pageant in the Memorial Coliseum, a charity event produced by local film studios. A sign on the float reads ""Columbia Pictures.""",,,,,,,,succeeded,https://iiif.library.ucla.edu/iiif/2/ark%3A%2F21198%2Fzz002kcxgb,http://iiif.library.ucla.edu/ark%3A%2F21198%2Fzz002kcxgb/manifest
Los Angeles Times Photographic Archive,ark:/21198/zz002kcxmd,ark:/21198/zz0002np7z,2,Completed,Work,latimes/masters/21198-zz002kcxmd_2399055_master.tif,,,,Floats (Parades) $z California $z Los Angeles,still image,news photographs|~|cellulose nitrate film,"Samuel Goldwyn, Inc.",copyrighted,"UCLA Charles E. Young Research Library Department of Special Collections, A1713 Young Research Library, Box 951575, Los Angeles, CA 90095-1575. E-mail: spec-coll@library.ucla.edu. Phone: (310)825-4988",Los Angeles (Calif.),,,"University of California, Los Angeles. Library. Department of Special Collections",,,,US,,zxx,,Y,Los Angeles Times,"Los Angeles Times Photographic Archive. Department of Special Collections, Charles E. Young Research Library, UCLA.",,uclalsc1429_b25_15,"""Fete Day in Spain"" float at the Electrical Parade in the Memorial Coliseum, Los Angeles, 1932",,"September 24, 1932",1 photograph,b&w nitrate negative,,1932-09-24,,,"Restored negative|~|""Fete Day in Spain"" float from First National Pictures at the Electrical Parade and sports pageant in the Memorial Coliseum, a charity event produced by local film studios. A sign on the float reads ""Samuel Goldwyn.""|~|Event reported in: ""Brilliant Screen Floats Parade and Sports Pageant Thrill Thousands at Stadium: Filmdom Presents Lavish Spectacle at Stadium Electrical Pageant,"" Los Angeles Times, 25 Sep.: 1932: 7",,,,,,,,succeeded,https://iiif.library.ucla.edu/iiif/2/ark%3A%2F21198%2Fzz002kcxmd,http://iiif.library.ucla.edu/ark%3A%2F21198%2Fzz002kcxmd/manifest
Los Angeles Times Photographic Archive,ark:/21198/zz002kcxnx,ark:/21198/zz0002np7z,2,Completed,Work,latimes/masters/21198-zz002kcxnx_2399025_master.tif,,,,Floats (Parades) $z California $z Los Angeles,still image,news photographs|~|cellulose nitrate film,"Los Angeles Memorial Coliseum (Los Angeles, Calif.)|~|Max Factor Co.",copyrighted,"UCLA Charles E. Young Research Library Department of Special Collections, A1713 Young Research Library, Box 951575, Los Angeles, CA 90095-1575. E-mail: spec-coll@library.ucla.edu. Phone: (310)825-4988",Los Angeles (Calif.),,,"University of California, Los Angeles. $b Library. $b Dept. of Special Collections",,,,US,,zxx,,Y,Los Angeles Times,"Los Angeles Times Photographic Archive. Department of Special Collections, Charles E. Young Research Library, UCLA.",,uclalsc1429_b25_05,"""Cameo of Jewels"" float at the Electrical Parade in the Memorial Coliseum, Los Angeles, 1932",,"September 24, 1932",1 photograph,b&w nitrate negative,,1932-09-24,,,"Restored negative|~|Event reported in: ""Brilliant Screen Floats Parade and Sports Pageant Thrill Thousands at Stadium: Filmdom Presents Lavish Spectacle at Stadium Electrical Pageant,"" Los Angeles Times, 25 Sep.: 1932: 7|~|""Cameo of Jewels"" float from Max Factor at the Electrical Parade and sports pageant in the Memorial Coliseum, a charity event produced by local film studios. Signs on the float read: ""Cosmetics of the stars,"" ""Max Factor,""  and ""Hollywood.""",,,,,,,,succeeded,https://iiif.library.ucla.edu/iiif/2/ark%3A%2F21198%2Fzz002kcxnx,http://iiif.library.ucla.edu/ark%3A%2F21198%2Fzz002kcxnx/manifest
Los Angeles Times Photographic Archive,ark:/21198/zz002kcxs0,ark:/21198/zz0002np7z,2,Completed,Work,latimes/masters/21198-zz002kcxs0_2399058_master.tif,,,,Floats (Parades) $z California $z Los Angeles,still image,news photographs|~|cellulose nitrate film,Warner Bros.,copyrighted,"UCLA Charles E. Young Research Library Department of Special Collections, A1713 Young Research Library, Box 951575, Los Angeles, CA 90095-1575. E-mail: spec-coll@library.ucla.edu. Phone: (310)825-4988",Los Angeles (Calif.),,,"University of California, Los Angeles. $b Library. $b Dept. of Special Collections",,,,US,,zxx,,Y,Los Angeles Times,"Los Angeles Times Photographic Archive. Department of Special Collections, Charles E. Young Research Library, UCLA.",,uclalsc1429_b25_16,"Warner Brothers float at the electrical Parade in the Memorial Coliseum, Los Angeles, 1932",,"September 24, 1932",1 photograph,b&w nitrate negative,,1932-09-24,,,"Restored negative|~|Event reported in: ""Brilliant Screen Floats Parade and Sports Pageant Thrill Thousands at Stadium: Filmdom Presents Lavish Spectacle at Stadium Electrical Pageant,"" Los Angeles Times, 25 Sep.: 1932: 7|~|The Warner Brothers float at the Electrical Parade and sports pageant in the Memorial Coliseum, a charity event produced by local film studios.",,,,,,,,succeeded,https://iiif.library.ucla.edu/iiif/2/ark%3A%2F21198%2Fzz002kcxs0,http://iiif.library.ucla.edu/ark%3A%2F21198%2Fzz002kcxs0/manifest
Los Angeles Times Photographic Archive,ark:/21198/zz002kcxth,ark:/21198/zz0002np7z,2,Completed,Work,latimes/masters/21198-zz002kcxth_2399022_master.tif,,,,Floats (Parades) $z California $z Los Angeles,still image,news photographs|~|cellulose nitrate film,"Los Angeles Memorial Coliseum (Los Angeles, Calif.)",copyrighted,"UCLA Charles E. Young Research Library Department of Special Collections, A1713 Young Research Library, Box 951575, Los Angeles, CA 90095-1575. E-mail: spec-coll@library.ucla.edu. Phone: (310)825-4988",Los Angeles (Calif.),,,"University of California, Los Angeles. Library. Department of Special Collections",,,,US,,zxx,,Y,Los Angeles Times,"Los Angeles Times Photographic Archive. Department of Special Collections, Charles E. Young Research Library, UCLA.",,uclalsc1429_b25_04,"""Spirit of Hollywood"" float at the Electrical Parade in the Memorial Coliseum, Los Angeles, 1932",,"September 24, 1932",1 photograph|~|1 photograph,b&w nitrate negative,,1932-09-24,,,"Restored negative|~|Event reported in: ""Brilliant Screen Floats Parade and Sports Pageant Thrill Thousands at Stadium: Filmdom Presents Lavish Spectacle at Stadium Electrical Pageant,"" Los Angeles Times, 25 Sep.: 1932: 7|~|""Spirit of Hollywood"" float at the Electrical Parade and sports pageant in the Memorial Coliseum, a charity event produced by local film studios. One man and five young women stand on the float with two women seated above a sign reading ""Welcome to our honored guest Gov. Franklin D. Roosevelt of N.Y.""",,,,,,,,succeeded,https://iiif.library.ucla.edu/iiif/2/ark%3A%2F21198%2Fzz002kcxth,http://iiif.library.ucla.edu/ark%3A%2F21198%2Fzz002kcxth/manifest
Los Angeles Times Photographic Archive,ark:/21198/zz002kcxzk,ark:/21198/zz0002np7z,2,Completed,Work,latimes/masters/21198-zz002kcxzk_2399061_master.tif,,,,Floats (Parades) $z California $z Los Angeles,still image,news photographs|~|cellulose nitrate film,Paramount Pictures,copyrighted,"UCLA Charles E. Young Research Library Department of Special Collections, A1713 Young Research Library, Box 951575, Los Angeles, CA 90095-1575. E-mail: spec-coll@library.ucla.edu. Phone: (310)825-4988",Los Angeles (Calif.),,,"University of California, Los Angeles. Library. Department of Special Collections",,,,US,,zxx,,Y,Los Angeles Times,"Los Angeles Times Photographic Archive. Department of Special Collections, Charles E. Young Research Library, UCLA.",,uclalsc1429_b25_17,"""Fountain of Beauty"" float at the Electrical Parade in the Memorial Coliseum, Los Angeles, 1932",,"September 24, 193",1 photograph,b&w nitrate negative,,1932-09-24,,,"Photograph appears with the article: ""Brilliant Screen Floats Parade and Sports Pageant Thrill Thousands at Stadium: Filmdom Presents Lavish Spectacle at Stadium Electrical Pageant,"" Los Angeles Times, 25 Sep.: 1932: 7|~|""Fountain of Beauty"" float from First National Pictures at the Electrical Parade and sports pageant in the Memorial Coliseum, a charity event produced by local film studios.|~|Restored negative",,,,,,,,succeeded,https://iiif.library.ucla.edu/iiif/2/ark%3A%2F21198%2Fzz002kcxzk,http://iiif.library.ucla.edu/ark%3A%2F21198%2Fzz002kcxzk/manifest
Los Angeles Times Photographic Archive,ark:/21198/zz002kcz0k,ark:/21198/zz0002np7z,2,Completed,Work,latimes/masters/21198-zz002kcz0k_2399019_master.tif,,,,Floats (Parades) $z California $z Los Angeles,still image,news photographs|~|cellulose nitrate film,"Los Angeles Memorial Coliseum (Los Angeles, Calif.)|~|Samuel Goldwyn, Inc.",copyrighted,"UCLA Charles E. Young Research Library Department of Special Collections, A1713 Young Research Library, Box 951575, Los Angeles, CA 90095-1575. E-mail: spec-coll@library.ucla.edu. Phone: (310)825-4988",Los Angeles (Calif.),,,"University of California, Los Angeles. $b Library. $b Dept. of Special Collections",,,,US,,zxx,,Y,Los Angeles Times,"Los Angeles Times Photographic Archive. Department of Special Collections, Charles E. Young Research Library, UCLA.",,uclalsc1429_b25_03,"""Fete Day in Spain"" float at the Electrical Parade in the Memorial Coliseum, Los Angeles, 1932",,"September 24, 1932",1 photograph,b&w nitrate negative,,1932-09-24,,,"Restored negative|~|Event reported in: ""Brilliant Screen Floats Parade and Sports Pageant Thrill Thousands at Stadium: Filmdom Presents Lavish Spectacle at Stadium Electrical Pageant,"" Los Angeles Times, 25 Sep.: 1932: 7|~|""Fete Day in Spain"" float from First National Pictures at the Electrical Parade and sports pageant in the Memorial Coliseum, a charity event produced by local film studios. A sign on the float reads ""Samuel Goldwyn.""",,,,,,,,succeeded,https://iiif.library.ucla.edu/iiif/2/ark%3A%2F21198%2Fzz002kcz0k,http://iiif.library.ucla.edu/ark%3A%2F21198%2Fzz002kcz0k/manifest
Los Angeles Times Photographic Archive,ark:/21198/zz002kcz4n,ark:/21198/zz0002np7z,2,Completed,Work,latimes/masters/21198-zz002kcz4n_2399064_master.tif,,,,Floats (Parades) $z California $z Los Angeles,still image,news photographs|~|cellulose nitrate film,,copyrighted,"UCLA Charles E. Young Research Library Department of Special Collections, A1713 Young Research Library, Box 951575, Los Angeles, CA 90095-1575. E-mail: spec-coll@library.ucla.edu. Phone: (310)825-4988",Los Angeles (Calif.),,,"University of California, Los Angeles. $b Library. $b Dept. of Special Collections",,,,US,,zxx,,Y,Los Angeles Times,"Los Angeles Times Photographic Archive. Department of Special Collections, Charles E. Young Research Library, UCLA.",,uclalsc1429_b25_18,"Float at the Electrical Parade in the Memorial Coliseum, Los Angeles, 1932",,"September 24, 1932",1 photograph,b&w nitrate negative,,1932-09-24,,,"Event reported in: ""Brilliant Screen Floats Parade and Sports Pageant Thrill Thousands at Stadium: Filmdom Presents Lavish Spectacle at Stadium Electrical Pageant,"" Los Angeles Times, 25 Sep.: 1932: 7|~|Restored negative|~|Four women in theatrical south seas themed costumes -- light-colored wigs, long fringed skirts and leis -- pose beside a miniature structure with a thatched roof on a float. Two palm trees are visible on the left.",,,,,,,,succeeded,https://iiif.library.ucla.edu/iiif/2/ark%3A%2F21198%2Fzz002kcz4n,http://iiif.library.ucla.edu/ark%3A%2F21198%2Fzz002kcz4n/manifest
Los Angeles Times Photographic Archive,ark:/21198/zz002kcz55,ark:/21198/zz0002np7z,2,Completed,Work,latimes/masters/21198-zz002kcz55_2399016_master.tif,,,,Floats (Parades) $z California $z Los Angeles,still image,news photographs|~|cellulose nitrate film,"Los Angeles Memorial Coliseum (Los Angeles, Calif.)|~|Fox Film Corporation",copyrighted,"UCLA Charles E. Young Research Library Department of Special Collections, A1713 Young Research Library, Box 951575, Los Angeles, CA 90095-1575. E-mail: spec-coll@library.ucla.edu. Phone: (310)825-4988",Los Angeles (Calif.),,,"University of California, Los Angeles. $b Library. $b Dept. of Special Collections",,,,US,,zxx,,Y,Los Angeles Times,"Los Angeles Times Photographic Archive. Department of Special Collections, Charles E. Young Research Library, UCLA.",,uclalsc1429_b25_02,"""Bicentennial Monument"" float at the Electrical Parade in the Memorial Coliseum, Los Angeles, 1932",,"September 24, 1932",1 photograph,b&w nitrate negative,,1932-09-24,,,"""Bicentennial Monument"" float from Fox Film Corporation at the Electrical Parade and sports pageant in the Memorial Coliseum, a charity event produced by local film studios. Signs on the float read ""Fox Film Corp,"" and ""1732-1932.""|~|Restored negative|~|Event reported in: ""Brilliant Screen Floats Parade and Sports Pageant Thrill Thousands at Stadium: Filmdom Presents Lavish Spectacle at Stadium Electrical Pageant,"" Los Angeles Times, 25 Sep.: 1932: 7",,,,,,,,succeeded,https://iiif.library.ucla.edu/iiif/2/ark%3A%2F21198%2Fzz002kcz55,http://iiif.library.ucla.edu/ark%3A%2F21198%2Fzz002kcz55/manifest
Los Angeles Times Photographic Archive,ark:/21198/zz002kcz97,ark:/21198/zz0002np7z,2,Completed,Work,latimes/masters/21198-zz002kcz97_2399037_master.tif,,,,Floats (Parades) $z California $z Los Angeles,still image,news photographs|~|cellulose nitrate film,Paramount Pictures,copyrighted,"UCLA Charles E. Young Research Library Department of Special Collections, A1713 Young Research Library, Box 951575, Los Angeles, CA 90095-1575. E-mail: spec-coll@library.ucla.edu. Phone: (310)825-4988",Los Angeles (Calif.),,,"University of California, Los Angeles. $b Library. $b Dept. of Special Collections",,,,US,,zxx,,Y,Los Angeles Times,"Los Angeles Times Photographic Archive. Department of Special Collections, Charles E. Young Research Library, UCLA.",,uclalsc1429_b25_09,"""Fountain of Beauty"" float at the Electrical Parade in the Memorial Coliseum, Los Angeles, 1932",,"September 24, 1932",1 photograph,b&w nitrate negative,,1932-09-24,,,"Photograph appears with the article: ""Brilliant Screen Floats Parade and Sports Pageant Thrill Thousands at Stadium: Filmdom Presents Lavish Spectacle at Stadium Electrical Pageant,"" Los Angeles Times, 25 Sep.: 1932: 7|~|""Fountain of Beauty"" float from First National Pictures at the Electrical Parade and sports pageant in the Memorial Coliseum, a charity event produced by local film studios.|~|Restored negative",,,,,,,,succeeded,https://iiif.library.ucla.edu/iiif/2/ark%3A%2F21198%2Fzz002kcz97,http://iiif.library.ucla.edu/ark%3A%2F21198%2Fzz002kcz97/manifest
Los Angeles Times Photographic Archive,ark:/21198/zz002kczbr,ark:/21198/zz0002np7z,2,Completed,Work,latimes/masters/21198-zz002kczbr_2399013_master.tif,,,,Floats (Parades) $z California $z Los Angeles,,news photographs|~|cellulose nitrate film,"Los Angeles Memorial Coliseum (Los Angeles, Calif.)|~|First National Pictures, Inc.",copyrighted,"UCLA Charles E. Young Research Library Department of Special Collections, A1713 Young Research Library, Box 951575, Los Angeles, CA 90095-1575. E-mail: spec-coll@library.ucla.edu. Phone: (310)825-4988",Los Angeles (Calif.),,,"University of California, Los Angeles. $b Library. $b Dept. of Special Collections",,,,US,,zxx,,Y,Los Angeles Times,"Los Angeles Times Photographic Archive. Department of Special Collections, Charles E. Young Research Library, UCLA.",,uclalsc1429_b25_01,"""Tower of Beauty"" float at rhe Electrical Parade in the Memorial Coliseum, Los Angeles, 1932",,"September 24, 1932",1 photograph,b&w nitrate negative,,1932-09-24,,,"Event reported in: ""Brilliant Screen Floats Parade and Sports Pageant Thrill Thousands at Stadium: Filmdom Presents Lavish Spectacle at Stadium Electrical Pageant,"" Los Angeles Times, 25 Sep.: 1932: 7|~|Restored negative|~|""Tower of Beauty"" float from First National Pictures at the Electrical Parade and sports pageant in the Memorial Coliseum, a charity event produced by local film studios. Six young women can be seen on the float with a 7th partially visible on top. A sign on the float reads ""First National Pictures Vitaphone.""",,,,,,,,succeeded,https://iiif.library.ucla.edu/iiif/2/ark%3A%2F21198%2Fzz002kczbr,http://iiif.library.ucla.edu/ark%3A%2F21198%2Fzz002kczbr/manifest
Los Angeles Times Photographic Archive,ark:/21198/zz002kczc8,ark:/21198/zz0002np7z,2,Completed,Work,latimes/masters/21198-zz002kczc8_2399034_master.tif,,,,Floats (Parades) $z California $z Los Angeles,still image,news photographs|~|cellulose nitrate film,"Los Angeles Memorial Coliseum (Los Angeles, Calif.)|~|Fox Film Corporation",copyrighted,"UCLA Charles E. Young Research Library Department of Special Collections, A1713 Young Research Library, Box 951575, Los Angeles, CA 90095-1575. E-mail: spec-coll@library.ucla.edu. Phone: (310)825-4988",Los Angeles (Calif.),,,"University of California, Los Angeles. $b Library. $b Dept. of Special Collections",,,,US,,zxx,,Y,Los Angeles Times,"Los Angeles Times Photographic Archive. Department of Special Collections, Charles E. Young Research Library, UCLA.",,uclalsc1429_b25_08,"""Bicentennial Monument"" float at the Electrical Parade in the Memorial Coliseum, Los Angeles, 1932",,"September 24, 1932",1 photograph,b&w nitrate negative,,1932-09-24,,,"Restored negative|~|""Bicentennial Monument"" float from Fox Film Corporation at the Electrical Parade and sports pageant in the Memorial Coliseum, a charity event produced by local film studios. Signs on the float read ""Fox Film Corp,"" and ""1732-1932.""|~|Event reported in: ""Brilliant Screen Floats Parade and Sports Pageant Thrill Thousands at Stadium: Filmdom Presents Lavish Spectacle at Stadium Electrical Pageant,"" Los Angeles Times, 25 Sep.: 1932: 7",,,,,,,,succeeded,https://iiif.library.ucla.edu/iiif/2/ark%3A%2F21198%2Fzz002kczc8,http://iiif.library.ucla.edu/ark%3A%2F21198%2Fzz002kczc8/manifest
Los Angeles Times Photographic Archive,ark:/21198/zz002kczgt,ark:/21198/zz0002np7z,2,Completed,Work,latimes/masters/21198-zz002kczgt_2399040_master.tif,,,,Floats (Parades) $z California $z Los Angeles,still image,news photographs|~|cellulose nitrate film,,copyrighted,"UCLA Charles E. Young Research Library Department of Special Collections, A1713 Young Research Library, Box 951575, Los Angeles, CA 90095-1575. E-mail: spec-coll@library.ucla.edu. Phone: (310)825-4988",Los Angeles (Calif.),,,"University of California, Los Angeles. $b Library. $b Dept. of Special Collections",,,,US,,zxx,,Y,Los Angeles Times,"Los Angeles Times Photographic Archive. Department of Special Collections, Charles E. Young Research Library, UCLA.",,uclalsc1429_b25_10,"""Fountain of Beauty"" float at the Electrical Parade in the Memorial Coliseum, Los Angeles, 1932",,"September 24, 1932",1 photograph,b&w nitrate negative,,1932-09-24,,,"""Fountain of Beauty"" float from First National Pictures at the Electrical Parade and sports pageant in the Memorial Coliseum, a charity event produced by local film studios.|~|Event reported in: ""Brilliant Screen Floats Parade and Sports Pageant Thrill Thousands at Stadium: Filmdom Presents Lavish Spectacle at Stadium Electrical Pageant,"" Los Angeles Times, 25 Sep.: 1932: 7|~|Restored negative",,,,,,,,succeeded,https://iiif.library.ucla.edu/iiif/2/ark%3A%2F21198%2Fzz002kczgt,http://iiif.library.ucla.edu/ark%3A%2F21198%2Fzz002kczgt/manifest
Los Angeles Times Photographic Archive,ark:/21198/zz002kczhb,ark:/21198/zz0002np7z,2,Completed,Work,latimes/masters/21198-zz002kczhb_2399111_master.tif,,,,Police $z California $z Los Angeles,still image,news photographs|~|cellulose nitrate film,"Davidson, David D. $q (David Delozier), $d 1896-1949",copyrighted,,Los Angeles (Calif.),,,"University of California, Los Angeles. $b Library. $b Dept. of Special Collections",,,,US,,zxx,,Y,Los Angeles Times,"Los Angeles Times Photographic Archive. Department of Special Collections, Charles E. Young Research Library, UCLA.",,uclalsc1429_b16_01,"David Davidson, new Chief of Police, Los Angeles, 1938",,"November 19, 1938",1 photograph,b&w nitrate negative,,1938-11-19,,,"David Davidson seated at his desk shortly after he became the new Chief of Police in Los Angeles.|~|Handwritten on negative: David Davidson, 11-19-38|~|Restored negative",,,,,,,,succeeded,https://iiif.library.ucla.edu/iiif/2/ark%3A%2F21198%2Fzz002kczhb,http://iiif.library.ucla.edu/ark%3A%2F21198%2Fzz002kczhb/manifest
