"Project Name","Item ARK","Parent ARK","Item Status ID","Item Status","Object Type","File Name","Item Sequence","Duplicate","Delete in Title","Name.subject","Name.photographer","Name.creator","Relation.isPartOf","Name.repository","Type.genre","Rights.copyrightStatus","Type.typeOfResource","Rights.publicationStatus","Rights.countryCreation","Rights.rightsHolderContact","Subject","Alt ID.local","Title","Date.creation","Format.dimensions","Format.extent","Description.caption","Format.medium","Alt ID.issueNo","Alt ID.url","Date.normalized","Description.note","AltTitle.other","Bucketeer State","IIIF Access URL"
"Watkins (Carleton) Collection of Photographs.  Collection 599","ark:/21198/zz0008c1zj","","2","Completed","Collection","","","","","","","Watkins, Carleton E., 1829-1916","Collection of Photographs. UCLA Library, Department of Special Collections","University of California, Los Angeles. $b Library Special Collections","","pd","","","","","Catholic church--missions--photographs","Collection 599","Carleton Watkins Collection of Photographs, ca. 1867-1882","circa 1867-1882","","","","","","http://content.cdlib.org/ark:/13030/kt1489n4q4","1860/1889","Alt IDs :  Collection has not been completely processed; e.g. prints have not been assigned boxes.  The Alt IDs reflect this by not having box numbers, but instead the names of the missions.|~|Mission images marked ""[negative copy]"" are digital images scanned from negative produced from the Watkins print.  Digital image is not a scan of Watkins' original albumen mammoth print or original negative.","Carleton Watkins Collection of Photographs","",
"Watkins (Carleton) Collection of Photographs.  Collection 599","ark:/21198/zz0008c4sd","ark:/21198/zz0008c1zj","2","Completed","Work","Masters/dlmasters/watkins/masters/21198-zz0008c4sd-1-master.tif","1","","","San Diego Mission ","Watkins, Carleton E., 1829-1916","","Carleton Watkins Collection of Photographs. Department of Special Collections, Charles E. Young Research Library, UCLA.","University of California, Los Angeles. $b Library Special Collections","Mammoth plates|~|Albumen prints","unknown","still image","unknown","US","UCLA Charles E. Young Research Library Department of Special Collections, A1713 Young Research Library, Box 951575, Los Angeles, CA 90095-1575. E-mail: spec-coll@library.ucla.edu. Phone: (310)825-4988","Catholic church--missions--photographs","SCW18|~|clus_0599_MissionSan Diego_SCW18","Mission, San Diego. No. 1201. WATKINS' New Series. [negative copy]","circa 1882","Plate Dimensions: 38 × 54 cm.|~|Matted Dimensions: 50 × 65 cm.","1 negative","Mission San Diego.  San Diego County, California. Established July 16th, 1769.|~|No. 1201. WATKINS' New Series. 26 New Montgomery Street, San Francisco.","b&w negative","Watkins' New Series No. 1201","","","","","succeeded","https://iiif.library.ucla.edu/iiif/2/ark%3A%2F21198%2Fzz0008c4sd"
"Watkins (Carleton) Collection of Photographs.  Collection 599","ark:/21198/zz0008c4tx","ark:/21198/zz0008c1zj","2","Completed","Work","Masters/dlmasters/watkins/masters/21198-zz0008c4tx-1-master.tif","2","","","San Diego Mission ","Watkins, Carleton E., 1829-1916","","Carleton Watkins Collection of Photographs. Department of Special Collections, Charles E. Young Research Library, UCLA.","University of California, Los Angeles. $b Library Special Collections","Mammoth plates|~|Albumen prints","pd","still image","unknown","US","UCLA Charles E. Young Research Library Department of Special Collections, A1713 Young Research Library, Box 951575, Los Angeles, CA 90095-1575. E-mail: spec-coll@library.ucla.edu. Phone: (310)825-4988","Catholic church--missions--photographs","clus_0599_MissionSan Diego_SCW19|~|SCW19","Mission, San Diego. No. 1202. WATKINS' New Series. [negative copy]","circa 1882","Plate Dimensions: 38 × 54 cm.|~|Matted Dimensions: 50 × 65 cm.","1 negative","Mission San Diego.  San Diego County, California. Established July 16th, 1769. From the rear, looking down the valley.|~|No. 1202. WATKINS' New Series. 26 New Montgomery Street, San Francisco.","b&w negative","Watkins' New Series No. 1202","","","","","succeeded","https://iiif.library.ucla.edu/iiif/2/ark%3A%2F21198%2Fzz0008c4tx"
"Watkins (Carleton) Collection of Photographs.  Collection 599","ark:/21198/zz0008c4vf","ark:/21198/zz0008c1zj","2","Completed","Work","Masters/dlmasters/watkins/masters/21198-zz0008c4vf-1-master.tif","3","","","San Diego Mission ","Watkins, Carleton E., 1829-1916","","Carleton Watkins Collection of Photographs. Department of Special Collections, Charles E. Young Research Library, UCLA.","University of California, Los Angeles. $b Library Special Collections","Mammoth plates|~|Albumen prints","unknown","still image","unknown","US","UCLA Charles E. Young Research Library Department of Special Collections, A1713 Young Research Library, Box 951575, Los Angeles, CA 90095-1575. E-mail: spec-coll@library.ucla.edu. Phone: (310)825-4988","Catholic church--missions--photographs","clus_0599_MissionSan Diego_SCW20|~|SCW20","Mission, San Diego. No. 1203. WATKINS' New Series. [negative copy]","circa 1882","Plate Dimensions: 38 × 54 cm.|~|Matted Dimensions: 50 × 65 cm.","1 negative","Mission San Diego.  San Diego County, California. Established July 16th, 1769. From the East side.|~|No. 1203. WATKINS' New Series. 26 New Montgomery Street, San Francisco.","b&w negative","Watkins' New Series No. 1203","","","","","succeeded","https://iiif.library.ucla.edu/iiif/2/ark%3A%2F21198%2Fzz0008c4vf"
"Watkins (Carleton) Collection of Photographs.  Collection 599","ark:/21198/zz0008c4wz","ark:/21198/zz0008c1zj","2","Completed","Work","Masters/dlmasters/watkins/masters/21198-zz0008c4wz-1-master.tif","4","","","San Diego Mission ","Watkins, Carleton E., 1829-1916","","Carleton Watkins Collection of Photographs. Department of Special Collections, Charles E. Young Research Library, UCLA.","University of California, Los Angeles. $b Library Special Collections","Mammoth plates|~|Albumen prints","unknown","still image","unknown","US","UCLA Charles E. Young Research Library Department of Special Collections, A1713 Young Research Library, Box 951575, Los Angeles, CA 90095-1575. E-mail: spec-coll@library.ucla.edu. Phone: (310)825-4988","Catholic church--missions--photographs","clus_0599_OliveandPalmOrchard_SCW21|~|SCW21","Olive and Palm Orchard. No. 1204. WATKINS' New Series. [negative copy]","circa 1882","Plate Dimensions: 38 × 54 cm.|~|Matted Dimensions: 50 × 65 cm.","1 negative","Olive and Palm Orchard. San Diego Mission.|~|No. 1204. WATKINS' New Series.  26 New Montgomery Street, San Francisco.","b&w negative","Watkins' New Series No. 1204","","","","","succeeded","https://iiif.library.ucla.edu/iiif/2/ark%3A%2F21198%2Fzz0008c4wz"
"Watkins (Carleton) Collection of Photographs.  Collection 599","ark:/21198/zz0008c4xg","ark:/21198/zz0008c1zj","2","Completed","Work","Masters/dlmasters/watkins/masters/21198-zz0008c4xg-1-master.tif","5","","","San Luis Rey Mission (Calif.)","Watkins, Carleton E., 1829-1916","","Carleton Watkins Collection of Photographs. Department of Special Collections, Charles E. Young Research Library, UCLA.","University of California, Los Angeles. $b Library Special Collections","Mammoth plates|~|Albumen prints","unknown","still image","unknown","US","UCLA Charles E. Young Research Library Department of Special Collections, A1713 Young Research Library, Box 951575, Los Angeles, CA 90095-1575. E-mail: spec-coll@library.ucla.edu. Phone: (310)825-4988","Catholic church--missions--photographs","SCW22|~|clus_0599_MissionSanLouisReydeFrancia_SCW22","Mission, San Louis Rey de Francia.  No.1205.  WATKINS' New Series. [negative copy]","circa 1882","Plate Dimensions: 36 × 54 cm.|~|Matted Dimensions: 50 × 65 cm.","1 negative","Mission, San Louis Rey De Francia.  San Diego County, California. Established June 13th, 1798.|~|No. 1205. WATKINS' New Series. 26 New Montgomery Street, San Francisco.","b&w negative","Watkins' New Series No. 1205","","","","","succeeded","https://iiif.library.ucla.edu/iiif/2/ark%3A%2F21198%2Fzz0008c4xg"
"Watkins (Carleton) Collection of Photographs.  Collection 599","ark:/21198/zz0008c4z0","ark:/21198/zz0008c1zj","2","Completed","Work","Masters/dlmasters/watkins/masters/21198-zz0008c4z0-1-master.tif","6","","","San Luis Rey Mission (Calif.)","Watkins, Carleton E., 1829-1916","","Carleton Watkins Collection of Photographs. Department of Special Collections, Charles E. Young Research Library, UCLA.","University of California, Los Angeles. $b Library Special Collections","Mammoth plates|~|Albumen prints","unknown","still image","unknown","US","UCLA Charles E. Young Research Library Department of Special Collections, A1713 Young Research Library, Box 951575, Los Angeles, CA 90095-1575. E-mail: spec-coll@library.ucla.edu. Phone: (310)825-4988","Catholic church--missions--photographs","SCW23|~|clus_0599_MissionSanLouisReydeFrancia_SCW23","Mission, San Louis Rey de Francia.  No.1207.  WATKINS' New Series. [negative copy]","circa 1882","Plate Dimensions: 38 × 54 cm.|~|Matted Dimensions: 50 x 65 cm.","1 negative","No. 1207. WATKINS' New Series. 26 New Montgomery Street, San Francisco.|~|Mission, San Louis Rey De Francia.  San Diego County, California. Established June 13th, 1798.  From the North.","b&w negative","Watkins' New Series No. 1207","","","","","succeeded","https://iiif.library.ucla.edu/iiif/2/ark%3A%2F21198%2Fzz0008c4z0"
"Watkins (Carleton) Collection of Photographs.  Collection 599","ark:/21198/zz0008c500","ark:/21198/zz0008c1zj","2","Completed","Work","Masters/dlmasters/watkins/masters/21198-zz0008c500-1-master.tif","7","","","San Luis Rey Mission (Calif.)","Watkins, Carleton E., 1829-1916","","Carleton Watkins Collection of Photographs. Department of Special Collections, Charles E. Young Research Library, UCLA.","University of California, Los Angeles. $b Library Special Collections","Mammoth plates|~|Albumen prints","unknown","still image","unknown","US","UCLA Charles E. Young Research Library Department of Special Collections, A1713 Young Research Library, Box 951575, Los Angeles, CA 90095-1575. E-mail: spec-coll@library.ucla.edu. Phone: (310)825-4988","Catholic church--missions--photographs","clus_0599_MissionSanLouisReydeFrancia_3","Mission, San Louis Rey de Francia.  No.1206.  WATKINS' New Series. [negative copy]","circa 1882","Plate Dimensions: 38 × 54 cm.|~|Matted Dimensions: 50 x 65 cm.","1 negative","Mission, San Louis Rey De Francia.  San Diego County, California. Established June 13th, 1798.  From the West.|~|No. 1206. WATKINS' New Series. 26 New Montgomery Street, San Francisco.","b&w negative","Watkins' New Series No. 1206","","","","","succeeded","https://iiif.library.ucla.edu/iiif/2/ark%3A%2F21198%2Fzz0008c500"
"Watkins (Carleton) Collection of Photographs.  Collection 599","ark:/21198/zz0008c51h","ark:/21198/zz0008c1zj","2","Completed","Work","Masters/dlmasters/watkins/masters/21198-zz0008c51h-1-master.tif","8","","","Mission San Juan Capistrano","Watkins, Carleton E., 1829-1916","","Carleton Watkins Collection of Photographs. Department of Special Collections, Charles E. Young Research Library, UCLA.","University of California, Los Angeles. $b Library Special Collections","Mammoth plates|~|Albumen prints","unknown","still image","unknown","US","UCLA Charles E. Young Research Library Department of Special Collections, A1713 Young Research Library, Box 951575, Los Angeles, CA 90095-1575. E-mail: spec-coll@library.ucla.edu. Phone: (310)825-4988","Catholic church--missions--photographs","clus_0599_MissionSanJuanCapistrano_SCW25|~|SCW25","Mission, San Juan Capistrano.  No. 1209. WATKINS' New Series. [negative copy]","circa 1882","Plate Dimensions: 38 × 54 cm.|~|Matted Dimensions: 50 x 65 cm.","1 negative","No. 1209. WATKINS' New Series. 26 New Montgomery Street, San Francisco.|~|Mission, San Juan Capistrano. Los Angeles County, California.  Established Nov. 1st, 1776.","b&w negative","Watkins' New Series No. 1209","","","","","succeeded","https://iiif.library.ucla.edu/iiif/2/ark%3A%2F21198%2Fzz0008c51h"
"Watkins (Carleton) Collection of Photographs.  Collection 599","ark:/21198/zz0008c521","ark:/21198/zz0008c1zj","2","Completed","Work","Masters/dlmasters/watkins/masters/21198-zz0008c521-1-master.tif","9","","","Mission San Juan Capistrano","Watkins, Carleton E., 1829-1916","","Carleton Watkins Collection of Photographs. Department of Special Collections, Charles E. Young Research Library, UCLA.","University of California, Los Angeles. $b Library Special Collections","Mammoth plates|~|Albumen prints","unknown","still image","unknown","US","UCLA Charles E. Young Research Library Department of Special Collections, A1713 Young Research Library, Box 951575, Los Angeles, CA 90095-1575. E-mail: spec-coll@library.ucla.edu. Phone: (310)825-4988","Catholic church--missions--photographs","SCW26|~|clus_0599_MissionSanJuanCapistrano_SCW26","Mission, San Juan Capistrano.  No. 1210. WATKINS' New Series. [negative copy]","circa 1882","Plate Dimensions: 37 × 54 cm.|~|Matted Dimensions: 50 x 65 cm.","1 negative","No. 1210. WATKINS' New Series. 26 New Montgomery Street, San Francisco.|~|Mission, San Juan Capistrano. Los Angeles County, California.  Established Nov. 1st, 1776.","b&w negative","Watkins' New Series No. 1210","","","","","succeeded","https://iiif.library.ucla.edu/iiif/2/ark%3A%2F21198%2Fzz0008c521"
"Watkins (Carleton) Collection of Photographs.  Collection 599","ark:/21198/zz0008c53j","ark:/21198/zz0008c1zj","2","Completed","Work","Masters/dlmasters/watkins/masters/21198-zz0008c53j-1-master.tif","10","","","Mission San Juan Capistrano","Watkins, Carleton E., 1829-1916","","Carleton Watkins Collection of Photographs. Department of Special Collections, Charles E. Young Research Library, UCLA.","University of California, Los Angeles. $b Library Special Collections","Mammoth plates|~|Albumen prints","unknown","still image","unknown","US","UCLA Charles E. Young Research Library Department of Special Collections, A1713 Young Research Library, Box 951575, Los Angeles, CA 90095-1575. E-mail: spec-coll@library.ucla.edu. Phone: (310)825-4988","Catholic church--missions--photographs","clus_0599_MissionSanJuanCapistrano_SCW27|~|SCW27","Mission, San Juan Capistrano.  No. 1211. WATKINS' New Series. [negative copy]","circa 1882","Plate Dimensions: 37 × 54 cm.|~|Matted Dimensions: 50 x 65 cm.","1 negative","No. 1211. WATKINS' New Series. 26 New Montgomery Street, San Francisco.|~|Mission, San Juan Capistrano. Los Angeles County, California.  Established Nov. 1st, 1776.  View from the West.","b&w negative","Watkins' New Series No. 1211","","","","","succeeded","https://iiif.library.ucla.edu/iiif/2/ark%3A%2F21198%2Fzz0008c53j"
"Watkins (Carleton) Collection of Photographs.  Collection 599","ark:/21198/zz0008c542","ark:/21198/zz0008c1zj","2","Completed","Work","Masters/dlmasters/watkins/masters/21198-zz0008c542-1-master.tif","11","","","Mission San Gabriel Arcangel (San Gabriel, Calif.)","Watkins, Carleton E., 1829-1916","","Carleton Watkins Collection of Photographs. Department of Special Collections, Charles E. Young Research Library, UCLA.","University of California, Los Angeles. $b Library Special Collections","Mammoth plates|~|Albumen prints","unknown","still image","unknown","US","UCLA Charles E. Young Research Library Department of Special Collections, A1713 Young Research Library, Box 951575, Los Angeles, CA 90095-1575. E-mail: spec-coll@library.ucla.edu. Phone: (310)825-4988","Catholic church--missions--photographs","SCW28|~|clus_0599_MissionSanGabriel_SCW28","Mission, San Gabriel.  No. 1212. WATKINS' New Series. [negative copy]","circa 1882","Plate Dimensions: 37 x 54 cm.|~|Matted Dimensions: 50 x 65 cm.","1 negative","Mission, San Gabriel. Los Angeles County, California, Established September 8th, 1771.|~|No. 1212. WATKINS' New Series. 26 New Montgomery Street, San Francisco.","b&w negative","Watkins' New Series No. 1212","","","","","succeeded","https://iiif.library.ucla.edu/iiif/2/ark%3A%2F21198%2Fzz0008c542"
"Watkins (Carleton) Collection of Photographs.  Collection 599","ark:/21198/zz0008c55k","ark:/21198/zz0008c1zj","2","Completed","Work","Masters/dlmasters/watkins/masters/21198-zz0008c55k-1-master.tif","12","","","Mission San Gabriel Arcangel (San Gabriel, Calif.)","Watkins, Carleton E., 1829-1916","","Carleton Watkins Collection of Photographs. Department of Special Collections, Charles E. Young Research Library, UCLA.","University of California, Los Angeles. $b Library Special Collections","Mammoth plates|~|Albumen prints","unknown","still image","unknown","US","UCLA Charles E. Young Research Library Department of Special Collections, A1713 Young Research Library, Box 951575, Los Angeles, CA 90095-1575. E-mail: spec-coll@library.ucla.edu. Phone: (310)825-4988","Catholic church--missions--photographs","SCW29|~|clus_0599_MissionSanGabriel_SCW29","Mission, San Gabriel.  No. 1213. WATKINS' New Series. [negative copy]","circa 1882","Plate Dimensions: 37 x 54 cm.|~|Matted Dimensions: 50 x 65 cm.","1 negative","Mission, San Gabriel. Los Angeles County, California, Established September 8th, 1771.  From residence of Mr. Howard, with Date Palm.|~|No. 1213. WATKINS' New Series. 26 New Montgomery Street, San Francisco.","b&w negative","Watkins' New Series No. 1213","","","","","succeeded","https://iiif.library.ucla.edu/iiif/2/ark%3A%2F21198%2Fzz0008c55k"
"Watkins (Carleton) Collection of Photographs.  Collection 599","ark:/21198/zz0008c563","ark:/21198/zz0008c1zj","2","Completed","Work","Masters/dlmasters/watkins/masters/21198-zz0008c563-1-master.tif","13","","","San Fernando, Rey de España (Mission : San Fernando, Calif.)","Watkins, Carleton E., 1829-1916","","Carleton Watkins Collection of Photographs. Department of Special Collections, Charles E. Young Research Library, UCLA.","University of California, Los Angeles. $b Library Special Collections","Mammoth plates|~|Albumen prints","unknown","still image","unknown","US","UCLA Charles E. Young Research Library Department of Special Collections, A1713 Young Research Library, Box 951575, Los Angeles, CA 90095-1575. E-mail: spec-coll@library.ucla.edu. Phone: (310)825-4988","Catholic church--missions--photographs","SCW30|~|clus_0599_Mission, SanFernandoRey_SCW30","Mission, San Fernando Rey. No. 1214. WATKINS' New Series. [negative copy]","circa 1882","Plate Dimensions: 38 × 54 cm.|~|Matted Dimensions: 50 x 65 cm.","1 negative","Mission, San Fernando Rey. Los Angeles County, California.  Established Sept. 8th, 1797.|~|No. 1214. WATKINS' New Series. 26 New Montgomery Street, San Francisco.","b&w negative","Watkins' New Series No. 1214","","","","","succeeded","https://iiif.library.ucla.edu/iiif/2/ark%3A%2F21198%2Fzz0008c563"
"Watkins (Carleton) Collection of Photographs.  Collection 599","ark:/21198/zz0008c57m","ark:/21198/zz0008c1zj","2","Completed","Work","Masters/dlmasters/watkins/masters/21198-zz0008c57m-1-master.tif","14","","","San Fernando, Rey de España (Mission : San Fernando, Calif.)","Watkins, Carleton E., 1829-1916","","Carleton Watkins Collection of Photographs. Department of Special Collections, Charles E. Young Research Library, UCLA.","University of California, Los Angeles. $b Library Special Collections","Mammoth plates|~|Albumen prints","unknown","still image","unknown","US","UCLA Charles E. Young Research Library Department of Special Collections, A1713 Young Research Library, Box 951575, Los Angeles, CA 90095-1575. E-mail: spec-coll@library.ucla.edu. Phone: (310)825-4988","Catholic church--missions--photographs","clus_0599_Mission, SanFernandoRey_SCW31|~|SCW31","Mission, San Fernando Rey. No. 1215. WATKINS' New Series. [negative copy]","circa 1882","Plate Dimensions: 38 × 54 cm.|~|Matted Dimensions: 50 x 65 cm.","1 negative","No. 1215. WATKINS' New Series. 26 New Montgomery Street, San Francisco.|~|Mission, San Fernando Rey. Los Angeles County, California.  Established Sept. 8th, 1797.","b&w negative","Watkins' New Series No. 1215","","","","","succeeded","https://iiif.library.ucla.edu/iiif/2/ark%3A%2F21198%2Fzz0008c57m"
"Watkins (Carleton) Collection of Photographs.  Collection 599","ark:/21198/zz0008c584","ark:/21198/zz0008c1zj","2","Completed","Work","Masters/dlmasters/watkins/masters/21198-zz0008c584-1-master.tif","15","","","San Fernando, Rey de España (Mission : San Fernando, Calif.)","Watkins, Carleton E., 1829-1916","","Carleton Watkins Collection of Photographs. Department of Special Collections, Charles E. Young Research Library, UCLA.","University of California, Los Angeles. $b Library Special Collections","Mammoth plates|~|Albumen prints","unknown","still image","unknown","US","UCLA Charles E. Young Research Library Department of Special Collections, A1713 Young Research Library, Box 951575, Los Angeles, CA 90095-1575. E-mail: spec-coll@library.ucla.edu. Phone: (310)825-4988","Catholic church--missions--photographs","SCW32|~|clus_0599_Mission, SanFernandoRey_SCW32","Mission, San Fernando Rey. No. 1216. WATKINS' New Series. [negative copy]","circa 1882","Plate Dimensions: 38 × 54 cm.|~|Matted Dimensions: 50 x 65 cm.","1 negative","Mission, San Fernando Rey. Los Angeles County, California.  Established Sept. 8th, 1797.  General View from the East.|~|No. 1216. WATKINS' New Series. 26 New Montgomery Street, San Francisco.","b&w negative","Watkins' New Series No. 1216","","","","","succeeded","https://iiif.library.ucla.edu/iiif/2/ark%3A%2F21198%2Fzz0008c584"
"Watkins (Carleton) Collection of Photographs.  Collection 599","ark:/21198/zz0008c59n","ark:/21198/zz0008c1zj","2","Completed","Work","Masters/dlmasters/watkins/masters/21198-zz0008c59n-1-master.tif","16","","","San Buenaventura Mission","Watkins, Carleton E., 1829-1916","","Carleton Watkins Collection of Photographs. Department of Special Collections, Charles E. Young Research Library, UCLA.","University of California, Los Angeles. $b Library Special Collections","Mammoth plates|~|Albumen prints","unknown","still image","unknown","US","UCLA Charles E. Young Research Library Department of Special Collections, A1713 Young Research Library, Box 951575, Los Angeles, CA 90095-1575. E-mail: spec-coll@library.ucla.edu. Phone: (310)825-4988","Catholic church--missions--photographs","SCW33|~|clus_0599_MissionSanBuenaventura_SCW33","Mission, San Buenaventura.  No. 1217. WATKINS' New Series. [negative copy]","circa 1882","Plate Dimensions: 38 × 54 cm.|~|Matted Dimensions: 50 x 65 cm.","1 negative","Mission, San Buenaventura. Ventura County, California, Established March 31st, 1782.|~|No. 1217. WATKINS' New Series. 26 New Montgomery Street, San Francisco.","b&w negative","Watkins' New Series No. 1217","","","","","succeeded","https://iiif.library.ucla.edu/iiif/2/ark%3A%2F21198%2Fzz0008c59n"
"Watkins (Carleton) Collection of Photographs.  Collection 599","ark:/21198/zz0008c5b5","ark:/21198/zz0008c1zj","2","Completed","Work","Masters/dlmasters/watkins/masters/21198-zz0008c5b5-1-master.tif","17","","","San Buenaventura Mission","Watkins, Carleton E., 1829-1916","","Carleton Watkins Collection of Photographs. Department of Special Collections, Charles E. Young Research Library, UCLA.","University of California, Los Angeles. $b Library Special Collections","Mammoth plates|~|Albumen prints","unknown","still image","unknown","US","UCLA Charles E. Young Research Library Department of Special Collections, A1713 Young Research Library, Box 951575, Los Angeles, CA 90095-1575. E-mail: spec-coll@library.ucla.edu. Phone: (310)825-4988","Catholic church--missions--photographs","clus_0599_MissionSanBuenaventura_SCW34|~|Watkins' New Series No. 1218|~|SCW34","Mission, San Buenaventura.  No. 1218. WATKINS' New Series. [negative copy]","circa 1882","Matted Dimensions: 50 x 65 cm.|~|Plate Dimensions: 38 × 54 cm.","1 negative","Mission, San Buenaventura. Ventura County, California, Established March 31st, 1782.  View from the West.|~|No. 1218. WATKINS' New Series. 26 New Montgomery Street, San Francisco.","b&w negative","","","","","","succeeded","https://iiif.library.ucla.edu/iiif/2/ark%3A%2F21198%2Fzz0008c5b5"
"Watkins (Carleton) Collection of Photographs.  Collection 599","ark:/21198/zz0008c5cp","ark:/21198/zz0008c1zj","2","Completed","Work","Masters/dlmasters/watkins/masters/21198-zz0008c5cp-1-master.tif","18","","","San Buenaventura Mission","Watkins, Carleton E., 1829-1916","","Carleton Watkins Collection of Photographs. Department of Special Collections, Charles E. Young Research Library, UCLA.","University of California, Los Angeles. $b Library Special Collections","Mammoth plates|~|Albumen prints","unknown","still image","unknown","US","UCLA Charles E. Young Research Library Department of Special Collections, A1713 Young Research Library, Box 951575, Los Angeles, CA 90095-1575. E-mail: spec-coll@library.ucla.edu. Phone: (310)825-4988","Catholic church--missions--photographs","clus_0599_MissionSanBuenaventura_SCW35|~|SCW35","Mission, San Buenaventura.  No. 1219. WATKINS' New Series. [negative copy]","circa 1882","Matted Dimensions: 50 x 65 cm.|~|Plate Dimensions: 38 × 54 cm.","1 negative","No. 1219. WATKINS' New Series. 26 New Montgomery Street, San Francisco.|~|Mission, San Buenaventura. Ventura County, California, Established March 31st, 1782.  View from the rear.","b&w negative","Watkins' New Series No. 1219","","","","","succeeded","https://iiif.library.ucla.edu/iiif/2/ark%3A%2F21198%2Fzz0008c5cp"
"Watkins (Carleton) Collection of Photographs.  Collection 599","ark:/21198/zz0008c5d6","ark:/21198/zz0008c1zj","2","Completed","Work","Masters/dlmasters/watkins/masters/21198-zz0008c5d6-1-master.tif","19","","","Santa Barbara Mission","Watkins, Carleton E., 1829-1916","","Carleton Watkins Collection of Photographs. Department of Special Collections, Charles E. Young Research Library, UCLA.","University of California, Los Angeles. $b Library Special Collections","Mammoth plates|~|Albumen prints","unknown","still image","unknown","US","UCLA Charles E. Young Research Library Department of Special Collections, A1713 Young Research Library, Box 951575, Los Angeles, CA 90095-1575. E-mail: spec-coll@library.ucla.edu. Phone: (310)825-4988","Catholic church--missions--photographs","SCW36|~|clus_0599_MissionSantaBarbara_SCW36","Mission, Santa Barbara. No. 1220.  WATKINS' New Series. [negative copy]","circa 1882","Plate Dimensions: 38 × 54 cm.|~|Matted Dimensions: 50 x 65 cm.","1 negative","Mission, Santa Barbara.  Santa Barbara County, California, Established December 4, 1786.|~|No. 1220. WATKINS' New Series. 26 New Montgomery Street, San Francisco.","b&w negative","Watkins' New Series No. 1220","","","","","succeeded","https://iiif.library.ucla.edu/iiif/2/ark%3A%2F21198%2Fzz0008c5d6"
"Watkins (Carleton) Collection of Photographs.  Collection 599","ark:/21198/zz0008c5fq","ark:/21198/zz0008c1zj","2","Completed","Work","Masters/dlmasters/watkins/masters/21198-zz0008c5fq-1-master.tif","20","","","Santa Barbara Mission","Watkins, Carleton E., 1829-1916","","Carleton Watkins Collection of Photographs. Department of Special Collections, Charles E. Young Research Library, UCLA.","University of California, Los Angeles. $b Library Special Collections","Mammoth plates|~|Albumen prints","unknown","still image","unknown","US","UCLA Charles E. Young Research Library Department of Special Collections, A1713 Young Research Library, Box 951575, Los Angeles, CA 90095-1575. E-mail: spec-coll@library.ucla.edu. Phone: (310)825-4988","Catholic church--missions--photographs","SCW37|~|clus_0599_MissionSantaBarbara_SCW37","Mission, Santa Barbara. No. 1221.  WATKINS' New Series. [negative copy]","circa 1882","Plate Dimensions: 38 × 54 cm.|~|Matted Dimensions: 50 x 65 cm.","1 negative","No. 1221. WATKINS' New Series. 26 New Montgomery Street, San Francisco.|~|Mission, Santa Barbara.  Santa Barbara County, California, Established December 4, 1786.","b&w negative","Watkins' New Series No. 1221","","","","","succeeded","https://iiif.library.ucla.edu/iiif/2/ark%3A%2F21198%2Fzz0008c5fq"
"Watkins (Carleton) Collection of Photographs.  Collection 599","ark:/21198/zz0008c5g7","ark:/21198/zz0008c1zj","2","Completed","Work","Masters/dlmasters/watkins/masters/21198-zz0008c5g7-1-master.tif","21","","","Santa Barbara Mission","Watkins, Carleton E., 1829-1916","","Carleton Watkins Collection of Photographs. Department of Special Collections, Charles E. Young Research Library, UCLA.","University of California, Los Angeles. $b Library Special Collections","Mammoth plates|~|Albumen prints","unknown","still image","unknown","US","UCLA Charles E. Young Research Library Department of Special Collections, A1713 Young Research Library, Box 951575, Los Angeles, CA 90095-1575. E-mail: spec-coll@library.ucla.edu. Phone: (310)825-4988","Catholic church--missions--photographs","clus_0599_MissionSantaBarbara_SCW38|~|SCW38","Mission, Santa Barbara. No. 1222.  WATKINS' New Series. [negative copy]","circa 1882","Plate Dimensions: 38 × 54 cm.|~|Matted Dimensions: 50 x 65 cm.","1 negative","No. 1222. WATKINS' New Series. 26 New Montgomery Street, San Francisco.|~|Mission, Santa Barbara.  Santa Barbara County, California, Established December 4, 1786.  View from olive orchard, looking North.","b&w negative","Watkins' New Series No. 1222","","","","","succeeded","https://iiif.library.ucla.edu/iiif/2/ark%3A%2F21198%2Fzz0008c5g7"
"Watkins (Carleton) Collection of Photographs.  Collection 599","ark:/21198/zz0008c5hr","ark:/21198/zz0008c1zj","2","Completed","Work","Masters/dlmasters/watkins/masters/21198-zz0008c5hr-1-master.tif","22","","","Santa Barbara Mission","Watkins, Carleton E., 1829-1916","","Carleton Watkins Collection of Photographs. Department of Special Collections, Charles E. Young Research Library, UCLA.","University of California, Los Angeles. $b Library Special Collections","Mammoth plates|~|Albumen prints","unknown","still image","unknown","US","UCLA Charles E. Young Research Library Department of Special Collections, A1713 Young Research Library, Box 951575, Los Angeles, CA 90095-1575. E-mail: spec-coll@library.ucla.edu. Phone: (310)825-4988","Catholic church--missions--photographs","SCW39|~|clus_0599_MissionSantaBarbara_SCW39","Mission, Santa Barbara. No. 1223.  WATKINS' New Series. [negative copy]","circa 1882","Plate Dimensions: 38 × 54 cm.|~|Matted Dimensions: 50 x 65 cm.","1 negative","Mission, Santa Barbara.  Santa Barbara County, California, Established December 4, 1786.  View looking West.|~|No. 1223. WATKINS' New Series. 26 New Montgomery Street, San Francisco.","b&w negative","Watkins' New Series No. 1223","","","","","succeeded","https://iiif.library.ucla.edu/iiif/2/ark%3A%2F21198%2Fzz0008c5hr"
"Watkins (Carleton) Collection of Photographs.  Collection 599","ark:/21198/zz0008c5j8","ark:/21198/zz0008c1zj","2","Completed","Work","Masters/dlmasters/watkins/masters/21198-zz0008c5j8-1-master.tif","23","","","Santa Inés Mission (Solvang, Calif.)","Watkins, Carleton E., 1829-1916","","Carleton Watkins Collection of Photographs. Department of Special Collections, Charles E. Young Research Library, UCLA.","University of California, Los Angeles. $b Library Special Collections","Mammoth plates|~|Albumen prints","unknown","still image","unknown","US","UCLA Charles E. Young Research Library Department of Special Collections, A1713 Young Research Library, Box 951575, Los Angeles, CA 90095-1575. E-mail: spec-coll@library.ucla.edu. Phone: (310)825-4988","Catholic church--missions--photographs","clus_0599_MissionSantaYnez_SCW40|~|SCW40","Mission, Santa Ynez. No. 1224. WATKINS' New Series. [negative copy]","circa 1882","Plate Dimensions: 38 × 54 cm.|~|Matted Dimensions: 50 x 65 cm.","1 negative","No. 1224. WATKINS' New Series. 26 New Montgomery Street, San Francisco.|~|Mission, Santa Ynez.  Santa Barbara County, California, Established September 17th, 1804.","b&w negative","Watkins' New Series No. 1224","","","","","succeeded","https://iiif.library.ucla.edu/iiif/2/ark%3A%2F21198%2Fzz0008c5j8"
"Watkins (Carleton) Collection of Photographs.  Collection 599","ark:/21198/zz0008c5ks","ark:/21198/zz0008c1zj","2","Completed","Work","Masters/dlmasters/watkins/masters/21198-zz0008c5ks-1-master.tif","24","","","Santa Inés Mission (Solvang, Calif.)","Watkins, Carleton E., 1829-1916","","Carleton Watkins Collection of Photographs. Department of Special Collections, Charles E. Young Research Library, UCLA.","University of California, Los Angeles. $b Library Special Collections","Mammoth plates|~|Albumen prints","unknown","still image","unknown","US","UCLA Charles E. Young Research Library Department of Special Collections, A1713 Young Research Library, Box 951575, Los Angeles, CA 90095-1575. E-mail: spec-coll@library.ucla.edu. Phone: (310)825-4988","Catholic church--missions--photographs","clus_0599_MissionSantaYnez_SCW41|~|SCW41","Mission, Santa Ynez. No. 1225. WATKINS' New Series. [negative copy]","circa 1882","Plate Dimensions: 38 × 54 cm.|~|Matted Dimensions: 50 x 65 cm.","1 negative","Mission, Santa Ynez.  Santa Barbara County, California, Established September 17th, 1804.|~|No. 1225. WATKINS' New Series. 26 New Montgomery Street, San Francisco.","b&w negative","Watkins' New Series No. 1225","","","","","succeeded","https://iiif.library.ucla.edu/iiif/2/ark%3A%2F21198%2Fzz0008c5ks"
"Watkins (Carleton) Collection of Photographs.  Collection 599","ark:/21198/zz0008c5m9","ark:/21198/zz0008c1zj","2","Completed","Work","Masters/dlmasters/watkins/masters/21198-zz0008c5m9-1-master.tif","25","","","Mission San Luis Obispo de Tolosa (San Luis Obispo, Calif.)","Watkins, Carleton E., 1829-1916","","Carleton Watkins Collection of Photographs. Department of Special Collections, Charles E. Young Research Library, UCLA.","University of California, Los Angeles. $b Library Special Collections","Mammoth plates|~|Albumen prints","unknown","still image","unknown","US","UCLA Charles E. Young Research Library Department of Special Collections, A1713 Young Research Library, Box 951575, Los Angeles, CA 90095-1575. E-mail: spec-coll@library.ucla.edu. Phone: (310)825-4988","Catholic church--missions--photographs","clus_0599_MissionSanLuisObispo_SCW42|~|SCW42","Mission, San Luis Obispo. No.1226. WAKTINS' New Series. [negative copy]","circa 1882","Plate Dimensions: 38 × 54 cm.|~|Matted Dimensions: 50 x 65 cm.","1 negative","Mission, San Luis Obispo. San Luis Obispo County, California, Established Sept. 1st, 1772.|~|No. 1226. WATKINS' New Series. 26 New Montgomery Street, San Francisco.","b&w negative","Watkins' New Series No. 1226","","","","","succeeded","https://iiif.library.ucla.edu/iiif/2/ark%3A%2F21198%2Fzz0008c5m9"
"Watkins (Carleton) Collection of Photographs.  Collection 599","ark:/21198/zz0008c5nt","ark:/21198/zz0008c1zj","2","Completed","Work","Masters/dlmasters/watkins/masters/21198-zz0008c5nt-1-master.tif","26","","","Mission San Luis Obispo de Tolosa (San Luis Obispo, Calif.)","Watkins, Carleton E., 1829-1916","","Carleton Watkins Collection of Photographs. Department of Special Collections, Charles E. Young Research Library, UCLA.","University of California, Los Angeles. $b Library Special Collections","Mammoth plates|~|Albumen prints","unknown","still image","unknown","US","UCLA Charles E. Young Research Library Department of Special Collections, A1713 Young Research Library, Box 951575, Los Angeles, CA 90095-1575. E-mail: spec-coll@library.ucla.edu. Phone: (310)825-4988","Catholic church--missions--photographs","SCW43|~|clus_0599_MissionSanLuisObispo_SCW43","Mission, San Luis Obispo. No.1227. WAKTINS' New Series. [negative copy]","circa 1882","Plate Dimensions: 38 × 54 cm.|~|Matted Dimensions: 50 x 65 cm.","1 negative","No. 1227. WATKINS' New Series. 26 New Montgomery Street, San Francisco.|~|Mission, San Luis Obispo. San Luis Obispo County, California, Established Sept. 1st, 1772. General view, looking North.","b&w negative","Watkins' New Series No. 1227","","","","","succeeded","https://iiif.library.ucla.edu/iiif/2/ark%3A%2F21198%2Fzz0008c5nt"
"Watkins (Carleton) Collection of Photographs.  Collection 599","ark:/21198/zz0008c5pb","ark:/21198/zz0008c1zj","2","Completed","Work","Masters/dlmasters/watkins/masters/21198-zz0008c5pb-1-master.tif","27","","","Mission San Miguel Arcangel (San Miguel, Calif.)","Watkins, Carleton E., 1829-1916","","Carleton Watkins Collection of Photographs. Department of Special Collections, Charles E. Young Research Library, UCLA.","University of California, Los Angeles. $b Library Special Collections","Mammoth plates|~|Albumen prints","unknown","still image","unknown","US","UCLA Charles E. Young Research Library Department of Special Collections, A1713 Young Research Library, Box 951575, Los Angeles, CA 90095-1575. E-mail: spec-coll@library.ucla.edu. Phone: (310)825-4988","Catholic church--missions--photographs","SCW44|~|clus_0599_MissionSanMiguel_SCW44","Mission, San Miguel. No. 1228. WATKINS New Series. [negative copy]","circa 1882","Plate Dimensions: 38 × 54 cm.|~|Matted Dimensions: 50 x 65 cm.","1 negative","No. 1228. WATKINS' New Series. 26 New Montgomery Street, San Francisco.|~|Mission, San Miguel. San Luis Obispo County, California, Established July 25th, 1797.  General view, looking North.","b&w negative","Watkins' New Series No. 1228","","","","","succeeded","https://iiif.library.ucla.edu/iiif/2/ark%3A%2F21198%2Fzz0008c5pb"
"Watkins (Carleton) Collection of Photographs.  Collection 599","ark:/21198/zz0008c5qv","ark:/21198/zz0008c1zj","2","Completed","Work","Masters/dlmasters/watkins/masters/21198-zz0008c5qv-1-master.tif","28","","","Mission San Miguel Arcangel (San Miguel, Calif.)","Watkins, Carleton E., 1829-1916","","Carleton Watkins Collection of Photographs. Department of Special Collections, Charles E. Young Research Library, UCLA.","University of California, Los Angeles. $b Library Special Collections","Mammoth plates|~|Albumen prints","unknown","still image","unknown","US","UCLA Charles E. Young Research Library Department of Special Collections, A1713 Young Research Library, Box 951575, Los Angeles, CA 90095-1575. E-mail: spec-coll@library.ucla.edu. Phone: (310)825-4988","Catholic church--missions--photographs","SCW45|~|clus_0599_MissionSanMiguel_SCW45","Mission, San Miguel. No. 1229. WATKINS New Series. [negative copy]","circa 1882","Plate Dimensions: 38 × 54 cm.|~|Matted Dimensions: 50 x 65 cm.","1 negative","Mission, San Miguel. San Luis Obispo County, California, Established July 25th, 1797.|~|No. 1229. WATKINS' New Series. 26 New Montgomery Street, San Francisco.","b&w negative","Watkins' New Series No. 1229","","","","","succeeded","https://iiif.library.ucla.edu/iiif/2/ark%3A%2F21198%2Fzz0008c5qv"
"Watkins (Carleton) Collection of Photographs.  Collection 599","ark:/21198/zz0008c5rc","ark:/21198/zz0008c1zj","2","Completed","Work","Masters/dlmasters/watkins/masters/21198-zz0008c5rc-1-master.tif","29","","","San Antonio de Pádua (Mission)","Watkins, Carleton E., 1829-1916","","Carleton Watkins Collection of Photographs. Department of Special Collections, Charles E. Young Research Library, UCLA.","University of California, Los Angeles. $b Library Special Collections","Mammoth plates|~|Albumen prints","unknown","still image","unknown","US","UCLA Charles E. Young Research Library Department of Special Collections, A1713 Young Research Library, Box 951575, Los Angeles, CA 90095-1575. E-mail: spec-coll@library.ucla.edu. Phone: (310)825-4988","Catholic church--missions--photographs","SCW46|~|clus_0599_MissionSanAntoniodePadua_SCW46","Mission, San Antonio de Padua. No. 1230. WATKINS' New Series. [negative copy]","circa 1882","Plate Dimensions: 38 × 54 cm.|~|Matted Dimensions: 61 × 76 cm.","1 negative","No. 1230. WATKINS' New Series. 26 New Montgomery Street, San Francisco.|~|Mission, San Antonio De Padua. Monterey County, California, Established July 14, 1771.","b&w negative","Watkins' New Series No. 1230","","","","","succeeded","https://iiif.library.ucla.edu/iiif/2/ark%3A%2F21198%2Fzz0008c5rc"
"Watkins (Carleton) Collection of Photographs.  Collection 599","ark:/21198/zz0008c5sw","ark:/21198/zz0008c1zj","2","Completed","Work","Masters/dlmasters/watkins/masters/21198-zz0008c5sw-1-master.tif","30","","","San Antonio de Pádua (Mission)","Watkins, Carleton E., 1829-1916","","Carleton Watkins Collection of Photographs. Department of Special Collections, Charles E. Young Research Library, UCLA.","University of California, Los Angeles. $b Library Special Collections","Mammoth plates|~|Albumen prints","unknown","still image","unknown","US","UCLA Charles E. Young Research Library Department of Special Collections, A1713 Young Research Library, Box 951575, Los Angeles, CA 90095-1575. E-mail: spec-coll@library.ucla.edu. Phone: (310)825-4988","Catholic church--missions--photographs","clus_0599_MissionSanAntoniodePadua_SCW47|~|SCW47","Mission, San Antonio de Padua. No. 1231. WATKINS' New Series. [negative copy]","circa 1882","Plate Dimensions: 38 × 54 cm.|~|Matted Dimensions: 50 x 65 cm.","1 negative","Mission, San Antonio De Padua. Monterey County, California, Established July 14, 1771.|~|No. 1231. WATKINS' New Series. 26 New Montgomery Street, San Francisco.","b&w negative","Watkins' New Series No. 1231","","","","","succeeded","https://iiif.library.ucla.edu/iiif/2/ark%3A%2F21198%2Fzz0008c5sw"
"Watkins (Carleton) Collection of Photographs.  Collection 599","ark:/21198/zz0008c5td","ark:/21198/zz0008c1zj","2","Completed","Work","Masters/dlmasters/watkins/masters/21198-zz0008c5td-1-master.tif","31","","","Mission San Carlos Borromeo (Carmel, Calif.)","Watkins, Carleton E., 1829-1916","","Carleton Watkins Collection of Photographs. Department of Special Collections, Charles E. Young Research Library, UCLA.","University of California, Los Angeles. $b Library Special Collections","Mammoth plates|~|Albumen prints","unknown","still image","unknown","US","UCLA Charles E. Young Research Library Department of Special Collections, A1713 Young Research Library, Box 951575, Los Angeles, CA 90095-1575. E-mail: spec-coll@library.ucla.edu. Phone: (310)825-4988","Catholic church--missions--photographs","SCW48|~|clus_0599_MissionSanCarlosdelCarmelo_SCW48","Mission, San Carlos Del Carmelo.  No. 1232. WATKINS' New Series. [negative copy]","circa 1882","Matted Dimensions: 61 × 76 cm.|~|Plate Dimensions: 38 × 54 cm.","1 negative","No. 1232. WATKINS' New Series. 26 New Montgomery Street, San Francisco.|~|Mission, San Carlos Del Carmelo.  Monterey County, California, Established June 3d, 1770.","b&w negative","Watkins' New Series No. 1232","","","","","succeeded","https://iiif.library.ucla.edu/iiif/2/ark%3A%2F21198%2Fzz0008c5td"
"Watkins (Carleton) Collection of Photographs.  Collection 599","ark:/21198/zz0008c5vx","ark:/21198/zz0008c1zj","2","Completed","Work","Masters/dlmasters/watkins/masters/21198-zz0008c5vx-1-master.tif","32","","","Mission San Carlos Borromeo (Carmel, Calif.)","Watkins, Carleton E., 1829-1916","","Carleton Watkins Collection of Photographs. Department of Special Collections, Charles E. Young Research Library, UCLA.","University of California, Los Angeles. $b Library Special Collections","Mammoth plates|~|Albumen prints","unknown","still image","unknown","US","UCLA Charles E. Young Research Library Department of Special Collections, A1713 Young Research Library, Box 951575, Los Angeles, CA 90095-1575. E-mail: spec-coll@library.ucla.edu. Phone: (310)825-4988","Catholic church--missions--photographs","clus_0599_MissionSanCarlosdelCarmelo_SCW49|~|SCW49","Mission, San Carlos Del Carmelo.  No. 1233. WATKINS' New Series. [negative copy]","circa 1882","Plate Dimensions: 38 × 54 cm.|~|Matted Dimensions: 50 x 65 cm.","1 negative","No. 1233. WATKINS' New Series. 26 New Montgomery Street, San Francisco.|~|Mission, San Carlos Del Carmelo.  Monterey County, California, Established June 3d, 1770.  View looking West, with glimpse of Carmel Bay.","b&w negative","Watkins' New Series No. 1233","","","","","succeeded","https://iiif.library.ucla.edu/iiif/2/ark%3A%2F21198%2Fzz0008c5vx"
"Watkins (Carleton) Collection of Photographs.  Collection 599","ark:/21198/zz0008c5wf","ark:/21198/zz0008c1zj","2","Completed","Work","Masters/dlmasters/watkins/masters/21198-zz0008c5wf-1-master.tif","33","","","San Juan Bautista (Mission : San Juan Bautista, Calif.)","Watkins, Carleton E., 1829-1916","","Carleton Watkins Collection of Photographs. Department of Special Collections, Charles E. Young Research Library, UCLA.","University of California, Los Angeles. $b Library Special Collections","Mammoth plates|~|Albumen prints","unknown","still image","unknown","US","UCLA Charles E. Young Research Library Department of Special Collections, A1713 Young Research Library, Box 951575, Los Angeles, CA 90095-1575. E-mail: spec-coll@library.ucla.edu. Phone: (310)825-4988","Catholic church--missions--photographs","clus_0599_MissionSanJuanBautista_SCW50|~|SCW50","Mission, San Juan Bautista. No.1234. WATKINS' New Series. [negative copy]","circa 1882","Plate Dimensions: 38 × 54 cm.|~|Matted Dimensions: 50 x 65 cm.","1 negative","No. 1234. WATKINS' New Series. 26 New Montgomery Street, San Francisco.|~|San Benito County, California, Established June 24th, 1797.","b&w negative","Watkins' New Series No. 1234","","","","","succeeded","https://iiif.library.ucla.edu/iiif/2/ark%3A%2F21198%2Fzz0008c5wf"
"Watkins (Carleton) Collection of Photographs.  Collection 599","ark:/21198/zz0008c5xz","ark:/21198/zz0008c1zj","2","Completed","Work","Masters/dlmasters/watkins/masters/21198-zz0008c5xz-1-master.tif","34","","","Santa Clara Mission","Watkins, Carleton E., 1829-1916","","Carleton Watkins Collection of Photographs. Department of Special Collections, Charles E. Young Research Library, UCLA.","University of California, Los Angeles. $b Library Special Collections","Mammoth plates|~|Albumen prints","unknown","still image","unknown","","UCLA Charles E. Young Research Library Department of Special Collections, A1713 Young Research Library, Box 951575, Los Angeles, CA 90095-1575. E-mail: spec-coll@library.ucla.edu. Phone: (310)825-4988","Catholic church--missions--photographs","SCW51|~|clus_0599_MissionSantaClara_SCW51","Mission, Santa Clara. No. 1235. WATKINS' New Series. [negative copy]","circa 1882","Plate Dimensions: 38 × 54 cm.|~|Matted Dimensions: 50 x 65 cm.","1 negative","Mission, Santa Clara.  Santa Clara County, California, Established Jan. 18th, 1777.|~|No. 1235. WATKINS' New Series. 26 New Montgomery Street, San Francisco.","b&w negative","Watkins' New Series No. 1235","","","","","succeeded","https://iiif.library.ucla.edu/iiif/2/ark%3A%2F21198%2Fzz0008c5xz"
"Watkins (Carleton) Collection of Photographs.  Collection 599","ark:/21198/zz0008c5zg","ark:/21198/zz0008c1zj","2","Completed","Work","Masters/dlmasters/watkins/masters/21198-zz0008c5zg-1-master.tif","35","","","San Francisco de Asís Mission (San Francisco, Calif.)","Watkins, Carleton E., 1829-1916","","Carleton Watkins Collection of Photographs. Department of Special Collections, Charles E. Young Research Library, UCLA.","University of California, Los Angeles. $b Library Special Collections","Mammoth plates|~|Albumen prints","unknown","still image","unknown","US","UCLA Charles E. Young Research Library Department of Special Collections, A1713 Young Research Library, Box 951575, Los Angeles, CA 90095-1575. E-mail: spec-coll@library.ucla.edu. Phone: (310)825-4988","Catholic church--missions--photographs","clus_0599_MissionSanFranciscoDeAsis_SCW52|~|SCW52","Mission, San Francisco de Asis.  No. 1236. WATKINS' New Series. [negative copy]","circa 1882","Plate Dimensions: 38 × 54 cm.|~|Matted Dimensions: 50 x 65 cm.","1 negative","No. 1236. WATKINS' New Series. 26 New Montgomery Street, San Francisco.|~|Mission, San Francisco De Asis.  San Francisco County, California, Established Oct. 4th, 1776.","b&w negative","Watkins' New Series No. 1236","","","","","succeeded","https://iiif.library.ucla.edu/iiif/2/ark%3A%2F21198%2Fzz0008c5zg"
"Watkins (Carleton) Collection of Photographs.  Collection 599","ark:/21198/zz0008mmrs","ark:/21198/zz0008c1zj","2","Completed","Work","Masters/dlmasters/watkins/masters/21198-zz0008mmrs-1-master.tif","36","","","Mission San Jose (Alameda County, Calif.)","Watkins, Carleton E., 1829-1916","","Carleton Watkins Collection of Photographs. Department of Special Collections, Charles E. Young Research Library, UCLA.","University of California, Los Angeles. $b Library Special Collections","Mammoth plates|~|Albumen prints","unknown","still image","unknown","US","UCLA Charles E. Young Research Library Department of Special Collections, A1713 Young Research Library, Box 951575, Los Angeles, CA 90095-1575. E-mail: spec-coll@library.ucla.edu. Phone: (310)825-4988","Catholic church--missions--photographs","SCW53|~|clus_0599_MissionSanJose_SCW53","Mission, San Jose. No. 1237. WATKINS' New Series. [negative copy]","circa 1882","Plate Dimensions: 38 × 54 cm.|~|Matted Dimensions: 50 x 65 cm.","1 negative","No. 1237. WATKINS' New Series. 26 New Montgomery Street, San Francisco.|~|Mission, San Jose.  Alameda County, California, Established June 11th, 1797.","b&w negative","Watkins' New Series No. 1237","","","","","succeeded","https://iiif.library.ucla.edu/iiif/2/ark%3A%2F21198%2Fzz0008mmrs"
