Project Name,Item ARK,Parent ARK,Item Status ID,Item Status,Object Type,File Name,Item Sequence,Duplicate,Delete in Title,iiif_access_url,Rights.copyrightStatus,Name.interviewee,Language,Type.typeOfResource,Type.genre,Name.repository,Subject,Name.interviewer,Name.subject,Description.note,Date.creation,Date.normalized,Format.extent,Title,Alt ID.local,Description.abstract
Sales (Ephraim) Collection of Interviews by Roy Newquist,ark:/21198/zz002c4jrj,,2,Completed,Collection,,,,,,,,eng,sound recording-nonmusical,interviews,"University of California, Los Angeles. Library. Department of Special Collections",Entertainers $v Interviews|~|Authors $v Interviews,"Newquist, Roy",,Collection find aid available at http://www.oac.cdlib.org/findaid/ark:/13030/kt0h4nc5cz/,[between 1963 and 1967?],1963/1967,,Sales (Ephraim) Collection of Interviews by Roy Newquist,,
Sales (Ephraim) Collection of Interviews by Roy Newquist,ark:/21198/zz002gcnsw,ark:/21198/zz002c4jrj,2,Completed,Work,ephraim/audio/21198-zz002gcnsw-1-master.wav,1,,,,,"Fleming, Ian, $d 1908-1964",eng,sound recording-nonmusical,interviews,"University of California, Los Angeles. Library. Department of Special Collections",,"Newquist, Roy","Bond, James $c (Fictitious character)",Ian Fleming - Box 10 #127|~|Transcript (9pp.) available.,1963 October,1963-10,"1 sound tape reel (13:28) : analog ; 5 in., 1/4 in. tape",Counterpoint: Ian Fleming,uclayrlsc1494_010_127,"Ian Fleming discusses the creation of and sources of inspiration for James Bond, the fictional British Secret Service Agent, as well as his thoughts on the series."
Sales (Ephraim) Collection of Interviews by Roy Newquist,ark:/21198/zz002hczj1,ark:/21198/zz002c4jrj,2,Completed,Work,ephraim/audio/21198-zz002hczj1-1-master.wav,2,,,,copyrighted,"Lee, Harper",eng,sound recording-nonmusical,interviews,"University of California, Los Angeles. Library. Department of Special Collections",,"Newquist, Roy",,Harper Lee - Box 01 #11,[between 1963 and 1967?],1963/1967,"1 sound tape reel (11:29) : analog ; 7 in., 1/4 in. tape",Counterpoint: Harper Lee,,
Sales (Ephraim) Collection of Interviews by Roy Newquist,ark:/21198/zz002hczxq,ark:/21198/zz002c4jrj,2,Completed,Work,ephraim/audio/21198-zz002hczxq-1-master.wav,3,,,,copyrighted,"Mitford, Jessica, $d 1917-1996",eng,sound recording-nonmusical,interviews,"University of California, Los Angeles. Library. Department of Special Collections",,"Newquist, Roy",,"Recorded in San Francisco. (Newquist says this at the end of the recording)|~|Recording is an interview with Jessica Mitford.|~|Jessica Mitford - Box 8, #100","March 27, 1964",1964-03-27,"1 sound tape reel : analog ; 5 in., 1/4 in. tape",Counterpoint: Jessica Mitford,uclayrlsc1494_008_100,
Sales (Ephraim) Collection of Interviews by Roy Newquist,ark:/21198/zz002hgb6h,ark:/21198/zz002c4jrj,2,Completed,Work,ephraim/audio/21198-zz002hgb6h-1-master.wav,6,,,,,"Kanin, Garson, $d 1912-1999",eng,sound recording-nonmusical,interviews,"University of California, Los Angeles. Library. Department of Special Collections",,"Newquist, Roy",,Recording is a rough cut interview with author Garson Kanin. He speaks at length about how he approaches writing and his biography of author Somerset Maugham.|~|G. Kanin - Box 7 #93|~|Side 1 and 2,[between 1963 and 1967?],1963/1967,"1 sound tape reel : analog ; 5 in., 1/4 in. tape",Unaired Interview with Author Garson Kanin,uclayrlsc1494_007_093,
Sales (Ephraim) Collection of Interviews by Roy Newquist,ark:/21198/zz002hgb71,ark:/21198/zz002c4jrj,2,Completed,Work,,7,,,https://iiif.library.ucla.edu/iiif/2/ark%3A%2F21198%2Fzz002hgb71%2F5w39jq9p,,"Shimkin, Leon, $d 1907-",eng,sound recording-nonmusical,interviews,"University of California, Los Angeles. Library. Department of Special Collections",,"Newquist, Roy",,The first recording file is a rough-cut interview with publisher Leon Shimkin. He discusses the landscape and ethics of publishing and its history in the United States.|~|The second recording file is a continuation of an interview with publisher Leon Shimkin.|~|L. Shimkin - Box 7 #95,[between 1963 and 1967?],1963/1967,"1 sound tape reel : analog ; 5 in., 1/4 in. tape",Unaired Interview with Publisher Leon Shimkin,uclayrlsc1494_007_095,
Sales (Ephraim) Collection of Interviews by Roy Newquist,ark:/21198/zz002hgb8j,ark:/21198/zz002c4jrj,2,Completed,Work,ephraim/audio/21198-zz002hgb8j-1-master.wav,8,,,,,"Fonda, Henry, 1905-1982",eng,sound recording-nonmusical,interviews,"University of California, Los Angeles. Library. Department of Special Collections",,"Newquist, Roy",,"Recording is somewhat distorted and sped up interview with Henry Fonda.|~|Around 28:30, recording loops back to a previously recorded interview with Henry Fonda and is mildly distorted.|~|At 32:00, a new interview of an unidentified English actor interrupts the Henry Fonda recording.|~|Side 1: The second side of H. Fonda Tape|~|Henry Fonda - Box 1 #4","June 6, 1963",1963-06-06,"1 sound tape reel (33:12) : analog ; 7 in., 1/4 in. tape",Unaired Interview with Actor Henry Fonda,uclayrlsc1494_001_004,
Sales (Ephraim) Collection of Interviews by Roy Newquist,ark:/21198/zz002hgbbk,ark:/21198/zz002c4jrj,2,Completed,Work,ephraim/audio/21198-zz002hgbbk-1-master.wav,10,,,,copyrighted,"Auchincloss, Louis",eng,sound recording-nonmusical,interviews,"University of California, Los Angeles. Library. Department of Special Collections",,"Newquist, Roy",,"Louis Auchinclos - Box 8 #109|~|Recording is an interview with author Louis Auchincloss. The interview is fairly short, but he briefly describes his life and career.","May 29, 1964",1964-05-29,"1 sound tape reel : analog ; 5 in., 1/4 in. tape",Counterpoint: Louis Auchincloss,uclayrlsc1494_008_109,
Sales (Ephraim) Collection of Interviews by Roy Newquist,ark:/21198/zz002hgbdm,ark:/21198/zz002c4jrj,2,Completed,Work,,12,,,https://iiif.library.ucla.edu/iiif/2/ark%3A%2F21198%2Fzz002hgbdm%2F8h383n1n,copyrighted,"Smith, Gene",eng,sound recording-nonmusical,interviews,"University of California, Los Angeles. Library. Department of Special Collections",,"Newquist, Roy",,"Gene Smith - Box 13 #195|~|The recording begins with what seems to be notes from Roy Newquist about having talked to Frank Sinatra. The remainder appears to be the Gene Smith Counterpoint broadcast.|~|The second recording (side 2) contains a copy of the latter part of the first recording (without the Frank Sinatra notes). In the interview with Gene Smith, he talks about his biography with President Wilson, and his methods for writing the book. Smith also provides some anecdotes about President Wilson.","April 24, 1964",1964-04-24,"1 sound tape reel : analog ; 5 in., 1/4 in. tape",Counterpoint: Gene Smith,uclayrlsc1494_013_195,
Sales (Ephraim) Collection of Interviews by Roy Newquist,ark:/21198/zz002hgczc,ark:/21198/zz002c4jrj,2,Completed,Work,ephraim/audio/21198-zz002hgczc-1-master.wav,13,,,,,"Lennon Sisters|~|Lennon, Peggy, 1941-",eng,sound recording-nonmusical,interviews,"University of California, Los Angeles. Library. Department of Special Collections",,"Newquist, Roy",,"Recording begins partway through an interview with Peggy Lennon. Her child can be heard in the background throughout the interview.|~|The Lennon Sisters - Box 7, #96|~|Transcript (9pp.) available.",[between 1963 and 1967?],1963/1967,"1 sound tape reel : analog ; 5 in., 1/4 in. tape",Unaired Interview with the Vocal Group the Lennon Sisters: Peggy Lennon,uclayrlsc1494_007_096,
Sales (Ephraim) Collection of Interviews by Roy Newquist,ark:/21198/zz002hgd2d,ark:/21198/zz002c4jrj,2,Completed,Work,ephraim/audio/21198-zz002hgd2d-1-master.wav,16,,,,copyrighted,"Lennon Sisters|~|Lennon, Peggy, 1941-",eng,sound recording-nonmusical,interviews,"University of California, Los Angeles. Library. Department of Special Collections",,"Newquist, Roy",,"Part two of an interview with Peggy Lennon and Janet Lennon. Tape starts in the middle of Peggy's views about sex portrayed in film and television, and its effects on society. One third of the way through the recording, Janet Lennon begins her interview concerning her career and her life as a mother and wife.|~|Throughout both interviews recorded, various sounds can be heard in the background such as children playing, television noise, and cooking sounds.|~|The Lennon Sisters - Box 8 #105|~|Side 1 and 2",[between 1963 and 1967?],1963/1967,"1 sound tape reel : analog ; 5 in., 1/4 in. tape",Unaired Interviews with the Vocal Group the Lennon Sisters: Peggy Lennon (Part 2) and Janet Lennon,uclayrlsc1494_008_105,
Sales (Ephraim) Collection of Interviews by Roy Newquist,ark:/21198/zz002hgd3x,ark:/21198/zz002c4jrj,2,Completed,Work,ephraim/audio/21198-zz002hgd3x-1-master.wav,17,,,,,"Peppard, George",eng,sound recording-nonmusical,interviews,"University of California, Los Angeles. Library. Department of Special Collections",,"Newquist, Roy",,"Recording begins with an interview with George Peppard. He talks about some of his apprehensions towards interviews, his upbringing, his extracurricular activities in high school, and eventually his time in college.|~|Paul Newman/George Peppard Box 8 #111|~|Transcript (9pp.) available.|~|Side 1: Newman; Side 2: Peppard",[between 1963 and 1967?],1963/1967,"1 sound tape reel : analog ; 5 in., 1/4 in. tape",Unaired Interview with Actor George Peppard,uclayrlsc1494_008_111,
Sales (Ephraim) Collection of Interviews by Roy Newquist,ark:/21198/zz002hgd4f,ark:/21198/zz002c4jrj,2,Completed,Work,ephraim/audio/21198-zz002hgd4f-1-master.wav,18,,,,,"Horne, Lena",eng,sound recording-nonmusical,interviews,"University of California, Los Angeles. Library. Department of Special Collections",,"Newquist, Roy",,"Around the eight minute mark, the volume periodically fades on and off. Also the recording ends in the middle of the interview.|~|Lena Horne Box 9 #115|~|Transcript (9pp.) available.|~|Recording is a rough cut interview with singer Lena Horne. She speaks extensively about Civil Rights issues involving African Americans and social issues involving the African American community. She then continues for ten minutes to explain her singing career and her performing processes.",October 1963,1963-10,"1 sound tape reel : analog ; 5 in., 1/4 in. tape",Unaired Interview with Entertainer Lena Horne,uclayrlsc1494_009_115,
Sales (Ephraim) Collection of Interviews by Roy Newquist,ark:/21198/zz002hgd5z,ark:/21198/zz002c4jrj,2,Completed,Work,ephraim/audio/21198-zz002hgd5z-1-master.wav,19,,,,copyrighted,"Lisi, Virna",eng,sound recording-nonmusical,interviews,"University of California, Los Angeles. Library. Department of Special Collections",,"Newquist, Roy",,"Recording of Virna Lisi in Rome. She covers topics such has her ideas concerning beauty, differences between Italian and American cultures, and her acting career.|~|The recording picks up nearby road noise throughout the interview.|~|Virna Lisi Box 9, #117",[between 1963 and 1967?],1963/1967,"1 sound tape reel : analog ; 5 in., 1/4 in. tape",Unaired Interview with Actress Virna Lisi,uclayrlsc1494_009_117,
Sales (Ephraim) Collection of Interviews by Roy Newquist,ark:/21198/zz002hgd6g,ark:/21198/zz002c4jrj,2,Completed,Work,ephraim/audio/21198-zz002hgd6g-1-master.wav,20,,,,copyrighted,"Day, Doris, 1924-|~|Wallach, Eli, $d 1915-",eng,sound recording-nonmusical,interviews,"University of California, Los Angeles. Library. Department of Special Collections",,"Newquist, Roy",,"Recording begins with an interview with actor Eli Wallach. He beings with speaking about how he became a stage actor. He also talks about his early career from theater actor to film actor, and his acting methods.|~|Some of the audio is distorted after 17:30.|~|Doris Day/Eli Wallach - Box 9 #118|~|At 17:25, recording cuts to an interview with actress Doris Day. She covers her early career start, her personal life, and how she feels about acting and singing as a married woman in Hollywood.",[between 1963 and 1967?],1963/1967,"1 sound tape reel : analog ; 5 in., 1/4 in. tape",Unaired Interviews with Actor Eli Wallach and Actress Doris Day,uclayrlsc1494_009_118,
Sales (Ephraim) Collection of Interviews by Roy Newquist,ark:/21198/zz002hgmdg,ark:/21198/zz002c4jrj,2,Completed,Work,,22,,,https://iiif.library.ucla.edu/iiif/2/ark%3A%2F21198%2Fzz002hgmdg%2F6123h39h,copyrighted,"Loy, Myrna, $d 1905-1993",eng,sound recording-nonmusical,interviews,"University of California, Los Angeles. Library. Department of Special Collections",,"Newquist, Roy",,Both recordings contain parts one and two of a rough cut interview with actress Myrna Loy. Topics mainly focus on her acting career and philanthropic work.|~|Myrna Loy - Box 9 #122,[between 1963 and 1967?],1963/1967,"1 sound tape reel (54:05) : analog ; 5 in., 1/4 in. tape",Unaired Interview with Actress Myrna Loy,uclayrlsc1494_009_122,
Sales (Ephraim) Collection of Interviews by Roy Newquist,ark:/21198/zz002hgmf0,ark:/21198/zz002c4jrj,2,Completed,Work,ephraim/audio/21198-zz002hgmf0-1-master.wav,23,,,,copyrighted,"Franchi, Sergio",eng,sound recording-nonmusical,interviews,"University of California, Los Angeles. Library. Department of Special Collections",,"Newquist, Roy",,"Sergio Franchi - Box 9, #123|~|Side 1: Franchi; Side 2: Crichton|~|Recording is a rough cut interview with entertainer Sergio Franchi. He speaks about his current film projects, the difficulties of transitioning from a singer to an actor, and other anecdotal stories about his career.|~|At 48:20, the recording becomes distorted, but soon normalizes.",[between 1963 and 1967?],1963/1967,"1 sound tape reel : analog ; 5 in., 1/4 in tape",Unaired Interview with Entertainer Sergio Franchi,uclayrlsc1494_009_123,
Sales (Ephraim) Collection of Interviews by Roy Newquist,ark:/21198/zz002hgmh1,ark:/21198/zz002c4jrj,2,Completed,Work,ephraim/audio/21198-zz002hgmh1-1-master.wav,25,,,,copyrighted,"Magnani, Anna, $d 1908-1973",eng,sound recording-nonmusical,interviews,"University of California, Los Angeles. Library. Department of Special Collections",,"Newquist, Roy",,Anna Magnani/Yvonne Quinn - Box 10 # 136|~|1 side only. Recording is an interview with Anna Magnani.,[between 1963 and 1967?],1963/1967,"1 sound tape reel : analog ; 5 in., 1/4 in. tape",Unaired Interview with Actress Anna Magnani,uclayrlsc1494_010_136,
Sales (Ephraim) Collection of Interviews by Roy Newquist,ark:/21198/zz002hgmjj,ark:/21198/zz002c4jrj,2,Completed,Work,ephraim/audio/21198-zz002hgmjj-1-master.wav,26,,,,copyrighted,"Zolotow, Maurice, $d 1913-1991|~|Peppard, George",eng,sound recording-nonmusical,interviews,"University of California, Los Angeles. Library. Department of Special Collections",,"Newquist, Roy",,"At 9:40, Peppard mentions a settled lawsuit between he and MGM Studio.|~|Maurice Zolotow - Box 10 # 158|~|Recording begins with some audio testing and whistling while an in-progress interview with actor George Peppard can be heard in the background.|~|at 12:25, Peppard also mentions another settled lawsuit with Paramount Studios.|~|At 15:13, there is some audio distortion.|~|At 23:12, the recording switches over to an interview with biographer Maurice Zolotow. The interview is already in progress and Zolotow is speaking about different projects he was involved in, how he became a journalist and writer, and how he wrote a biography of Marilyn Monroe.",[between 1963 and 1967?],1963/1967,"1 sound tape reel : analog ; 3 in., 1/4 in. tape",Unaired Interviews with Actor George Peppard and Biographer Maurice Zolotow,uclayrlsc1494_010_158,
Sales (Ephraim) Collection of Interviews by Roy Newquist,ark:/21198/zz002hgmk2,ark:/21198/zz002c4jrj,2,Completed,Work,ephraim/audio/21198-zz002hgmk2-1-master.wav,27,,,,copyrighted,"Sharp, Margery, $d 1905-1991|~|Crosby, John, $d 1912-",eng,sound recording-nonmusical,interviews,"University of California, Los Angeles. Library. Department of Special Collections",,"Newquist, Roy",,"Recording begins with an interview of John Crosby, and continues at 33:05 with an interview of Margery Sharp.|~|John Crosby - Box 12 # 178","November 1, 1963",1963-11-01,"1 sound tape reel : analog ; 4 in., 1/4 in. tape",Unaired Interviews with Critic John Crosby and Writer Margery Sharp,uclayrlsc1494_012_178,
Sales (Ephraim) Collection of Interviews by Roy Newquist,ark:/21198/zz002hgmmk,ark:/21198/zz002c4jrj,2,Completed,Work,ephraim/audio/21198-zz002hgmmk-1-master.wav,28,,,,copyrighted,"Epstein, Seymour, $d 1917-|~|Rudofsky, Bernard, $d 1905-1988",eng,sound recording-nonmusical,interviews,"University of California, Los Angeles. Library. Department of Special Collections",,"Newquist, Roy",,"Recording begins with a rough-cut interview with writer Bernard Rudofsky. He covers his early life, career as an architect, social commentator, and author, and speaks at length about Japanese culture.|~|At 21:05, the recording cuts to an interview with author Seymour Epstein. He covers is life and career as an author.|~|Boris Rudofsky - Box 12 #183",[between 1963 and 1967?],1963/1967,"1 sound tape reel : analog ; 5 in., 1/4 in. tape",Unaired Interviews with Social Commentator Bernard Rudofsky and Author Seymour Epstein,uclayrlsc1494_012_183,
Sales (Ephraim) Collection of Interviews by Roy Newquist,ark:/21198/zz002hgmwq,ark:/21198/zz002c4jrj,2,Completed,Work,ephraim/audio/21198-zz002hgmwq-1-master.wav,29,,,,copyrighted,"St. Johns, Adela Rogers",eng,sound recording-nonmusical,interviews,"University of California, Los Angeles. Library. Department of Special Collections",,"Newquist, Roy",,"Recorded in Chicago|~|Recording is rough-cut interview with journalist, screenwriter, and novelist Adela Rogers St. Johns. She covers her upbringing, her career and the career of her father Earl Rogers, and her novel ""Final Verdict"". Topics include: her father's prosecution style, her involvement in the Women's Suffrage movement, and her writing style.|~|Adela Rogers St. John - Box 12 # 184",[January 1964],1964-01,"1 sound tape reel : analog ; 3 1/4 in., 1/4 in. tape",Unaired Interview with Journalist Adela Rogers St. John,uclayrlsc1494_012_184,
Sales (Ephraim) Collection of Interviews by Roy Newquist,ark:/21198/zz002hgmx7,ark:/21198/zz002c4jrj,2,Completed,Work,ephraim/audio/21198-zz002hgmx7-1-master.wav,30,,,,copyrighted,"Morton, Frederic",eng,sound recording-nonmusical,interviews,"University of California, Los Angeles. Library. Department of Special Collections",,"Newquist, Roy",,"Fredric Morton - Box 13 # 186|~|Recording is a rough cut interview with author Frederic Morton. He covers topics such as his Jewish upbringing during WWII, how he became a writer, and his career and works.",1965-06-04,"June 4, 1965","1 sound tape reel : analog ; 3 in., 1/4 in. tape",Unaired Interview with Author Fredric Morton,uclayrlsc1494_013_186,
Sales (Ephraim) Collection of Interviews by Roy Newquist,ark:/21198/zz002hgmzr,ark:/21198/zz002c4jrj,2,Completed,Work,ephraim/audio/21198-zz002hgmzr-1-master.wav,31,,,,copyrighted,"Grizzard, George",eng,sound recording-nonmusical,interviews,"University of California, Los Angeles. Library. Department of Special Collections",,"Newquist, Roy",,"George Grizzard - Box 13 # 188|~|Recording is a rough cut interview with actor George Grizzard. He talks about his upbringing, his early career as a stage actor and eventually as a film actor. He speaks in depth about his acting techniques and philosophy.",[between 1963 and 1967?],1963/1967,"1 sound tape reel : analog ; 3 in., 1/4 in. tape",Unaired Interview with Actor George Grizzard,uclayrlsc1494_013_188,
Sales (Ephraim) Collection of Interviews by Roy Newquist,ark:/21198/zz002hgn4t,ark:/21198/zz002c4jrj,2,Completed,Work,ephraim/audio/21198-zz002hgn4t-1-master.wav,32,,,,copyrighted,"Borge, Victor",eng,sound recording-nonmusical,interviews,"University of California, Los Angeles. Library. Department of Special Collections",,"Newquist, Roy",,"Recording is a rough cut interview with Danish comedian Victor Borge. He covers topics such as his philosophy as an entertainer, his career, his background in music, and raising poultry.|~|Victor Borge - Box 13 # 191",[November 1964],1964-11,"1 sound tape reel : analog ; 3 in., 1/4 in. tape",Unaired Interview with Comedian Victor Borge,uclayrlsc1494_013_191,
Sales (Ephraim) Collection of Interviews by Roy Newquist,ark:/21198/zz002hgn8w,ark:/21198/zz002c4jrj,2,Completed,Work,ephraim/audio/21198-zz002hgn8w-1-master.wav,33,,,,copyrighted,"Peerce, Jan, $d 1904-1984",eng,sound recording-nonmusical,interviews,"University of California, Los Angeles. Library. Department of Special Collections",,"Newquist, Roy",,"At 18:20, the recording cuts to an already in-progress interview with musician Jan Peerce. He speaks about some of him performances and other aspects of his career, such as his relationship with other musicians and singers.|~|Recording begins with several voices speaking in a crowded room and Roy Newquist preparing his recording machine for an interview with an unidentified author that speaks about his novel loosely based on the Masters and Johnson sexual biology laboratory tests.|~|Jan Peerce - Box 13 # 194",[between 1963 and 1967?],1963/1967,"1 sound tape reel : analog ; 5 in., 1/4 in. tape",Unaired Interviews with an Unidentified Author and Entertainer Jan Peerce,uclayrlsc1494_013_194,
Sales (Ephraim) Collection of Interviews by Roy Newquist,ark:/21198/zz002hgng0,ark:/21198/zz002c4jrj,2,Completed,Work,ephraim/audio/21198-zz002hgng0-1-master.wav,35,,,,copyrighted,"Daves, Jessica|~|Charell, Lissa|~|Lasky, Victor",eng,sound recording-nonmusical,interviews,"University of California, Los Angeles. Library. Department of Special Collections",,"Newquist, Roy",,"Recording begins with a rough cut interview with author Victor Lasky. He describes his biography on President John F. Kennedy, and other aspects his career as a journalist and writer.|~|At 1:29:15, the recording briefly cuts out.|~|At 37:09, the interview with Victor Lasky ends and and an interview with Lissa Charell begins. She covers topics such as her upbringing, her thoughts about divorce rates in America, and her novel, The Young Divorcees.|~|Victor Lasky - Box 1 # 1|~|Side 2: blank|~|At 1:12:47, the interview with Lissa Charell ends and another interview with Jessica Daves. She covers topic such as her editing position at Vogue magazine.",[September 1963],1963-09,"1 sound tape reel (1:38:47) : analog ; 7 in., 1/4 in. tape","Unaired Interviews with Author Victor Lasky, Author Lissa Charell, and Editor Jessica Daves",uclayrlsc1494_001_001,
Sales (Ephraim) Collection of Interviews by Roy Newquist,ark:/21198/zz002hgnkj,ark:/21198/zz002c4jrj,2,Completed,Work,ephraim/audio/21198-zz002hgnkj-1-master.wav,38,,,,copyrighted,"Lewis, Arthur H., $d 1906-|~|Roth, Beulah Spigelgass, $d 1907-1990",eng,sound recording-nonmusical,interviews,"University of California, Los Angeles. Library. Department of Special Collections",,"Newquist, Roy",,"Recording is a rough cut interview beginning with Roy Newquist and Arthur H. Lewis preparing for an interview. Lewis covers how he wrote some of his works, his career as an author, and his life.|~|Arthur Lewis- Box 1 # 5|~|Side 1: blank|~|At 31:00, the interview with Arthur H. Lewis ends and another interview with Beulah Roth begins. The Roth interview is the second part of an in progress interview. She begins to speak about her relationship with her husband, working with him professionally, and her views about pets.",[September 1963],1963-09,"1 sound tape reel (1:00:19) : analog ; 7 in., 1/4 in. tape",Unaired Interviews with Author Arthur H. Lewis and Author Beulah S. Roth (Part 2),uclayrlsc1494_001_005,
Sales (Ephraim) Collection of Interviews by Roy Newquist,ark:/21198/zz002hgnm2,ark:/21198/zz002c4jrj,2,Completed,Work,ephraim/audio/21198-zz002hgnm2-1-master.wav,39,,,,copyrighted,"Roth, Beulah Spigelgass, $d 1907-1990",eng,sound recording-nonmusical,interviews,"University of California, Los Angeles. Library. Department of Special Collections",,"Newquist, Roy",,"Recording is a rough cut interview with author Beulah Roth. She talks about her work, The Cosmopolitan Cat, other aspects of her life and career, and working with her husband Sanford H. Roth, a professional photographer.|~|Arthur Lewis- Box 1 # 5|~|Side 1 : blank",[September 1963],1963-09,"1 sound tape reel (1:00:19) : analog ; 7 in., 1/4 in. tape",Unaired Interview with Author Beulah S. Roth (Part 1),uclayrlsc1494_001_006,
Sales (Ephraim) Collection of Interviews by Roy Newquist,ark:/21198/zz002hgnnk,ark:/21198/zz002c4jrj,2,Completed,Work,ephraim/audio/21198-zz002hgnnk-1-master.wav,40,,,,copyrighted,"O'Toole, Peter, $d 1932-",eng,sound recording-nonmusical,interviews,"University of California, Los Angeles. Library. Department of Special Collections",,"Newquist, Roy",,Recording is an interview with actor Peter O'Toole. He describes some of his childhood but the majority of the interview is about his early stage career as an actor in England. Contains some profanity.|~|Side 1 and 2: Peter O'Toole|~|Peter O'Toole - Box 1 # 7,[July 1965],1965-07,"1 sound tape reel (58:55) : analog ; 7 in., 1/4 in tape",Unaired Interview with Actor Peter O'Toole,uclayrlsc1494_001_007,
Sales (Ephraim) Collection of Interviews by Roy Newquist,ark:/21198/zz002hgnp3,ark:/21198/zz002c4jrj,2,Completed,Work,ephraim/audio/21198-zz002hgnp3-1-master.wav,41,,,,copyrighted,"Weidman, Jerome, $d 1913-1998",eng,sound recording-nonmusical,interviews,,,"Newquist, Roy",,"Jerome Weidman - Box 1 # 8|~|Recording is a rough cut interview with novelist Jerome Weidman. He covers topics pertaining to his career as a writer, such as his relationship with Somerset Maugham, his work as a playwright, and his Jewish background.",[between 1963 and 1967?],1963/1967,"1 sound tape reel (32:08) : analog ; 7 in., 1/4 in. tape",Unaired Interview with Author Jerome Weidman,uclayrlsc1494_001_008,
Sales (Ephraim) Collection of Interviews by Roy Newquist,ark:/21198/zz002hgnqm,ark:/21198/zz002c4jrj,2,Completed,Work,ephraim/audio/21198-zz002hgnqm-1-master.wav,42,,,,copyrighted,"Bourke-White, Margaret, $d 1904-1971",eng,sound recording-nonmusical,interviews,"University of California, Los Angeles. Library. Department of Special Collections",,"Newquist, Roy",,"Recording briefly pauses at 10:05, but continues after a couple seconds.|~|Recording is a rough cut interview with photographer Margaret Bourke-White. She describes her career, and her approach to some of her most iconic works. Some of her subjects had been Gandhi, the Dust Bowl, and her photojournalism work during WWII. She also speaks about her fight with Parkinson's Disease, and other personal aspects of her life.|~|Margaret Bourke-White - Box 1 # 9",[between 1963 and 1967?],1963/1967,"1 sound tape reel (31:42) : analog ; 7 in., 1/4 in. tape",Unaired Interview with Photographer Margaret Bourke-White,uclayrlsc1494_001_009,
Sales (Ephraim) Collection of Interviews by Roy Newquist,ark:/21198/zz002hgnr4,ark:/21198/zz002c4jrj,2,Completed,Work,ephraim/audio/21198-zz002hgnr4-1-master.wav,43,,,,copyrighted,"Durant, Mary B.|~|Javonovich, William",eng,sound recording-nonmusical,interviews,"University of California, Los Angeles. Library. Department of Special Collections",,"Newquist, Roy",,"Recording begins at the 00:00:40 second mark as a rough cut interview with author and publisher William Jovanovich. He speaks about his view of the publishing industry, some of his work as an author, and gives advice to young writers trying to start their careers.|~|At 17:55, the recorded interview with Jovanovich ends. and there is silence until 20:15 when a rough cut interview with author Mary Durant begins. She explains aspects of her novel, Quartet in Farewell Times, her writing process, and her career.|~|Interviews on Side 1|~|Mary Durant -White - Box 1 # 10",[between 1963 and 1967?],1963/1967,"1 sound tape reel (42:08) : analog ; 7 in., 1/4 in. tape",Unaired Interviews with Publisher William Javonovich and Author Mary Durant,uclayrlsc1494_001_010,
Sales (Ephraim) Collection of Interviews by Roy Newquist,ark:/21198/zz002hgp3s,ark:/21198/zz002c4jrj,2,Completed,Work,ephraim/audio/21198-zz002hgp3s-1-master.wav,46,,,,copyrighted,"Russell, Rosalind",eng,sound recording-nonmusical,interviews,"University of California, Los Angeles. Library. Department of Special Collections",,"Newquist, Roy",,Recording is a rough cut interview with actress Rosalind Russell. She describes her early life and her career.|~|Rosalind Russell - Box 1 # 13,[February 1965],1965-02,"1 sound tape reel (1:04:08) : analog ; 7 in., 1/4 in. tape",Unaired Interview with Actress Rosalind Russell,uclayrlsc1494_001_013,
Sales (Ephraim) Collection of Interviews by Roy Newquist,ark:/21198/zz002hgp49,ark:/21198/zz002c4jrj,2,Completed,Work,ephraim/audio/21198-zz002hgp49-1-master.wav,47,,,,copyrighted,"Chase, Ilka, 1905-1978",eng,sound recording-nonmusical,interviews,"University of California, Los Angeles. Library. Department of Special Collections",,"Newquist, Roy",,"Ilka Chase - Box 1 # 14|~|Recording is a rough cut interview with author Ilka Chase. She begins with a review of her novel, Elephants Arrive at Half Past Five, and continues with her own biographical information and her career as an author.|~|Interview took place in San Francisco, CA.",[between 1963 and 1967?],1963/1967,"1 sound tape reel (27:33) : analog ; 7 in., 1/4 in. tape",Unaired Interview with Author Ilka Chase,uclayrlsc1494_001_014,
Sales (Ephraim) Collection of Interviews by Roy Newquist,ark:/21198/zz002hgp5t,ark:/21198/zz002c4jrj,2,Completed,Work,ephraim/audio/21198-zz002hgp5t-1-master.wav,48,,,,copyrighted,"Kaminsky, Max, $d 1908-1994",eng,sound recording-nonmusical,interviews,"University of California, Los Angeles. Library. Department of Special Collections",,"Newquist, Roy",,"Recording begins with an interview with jazz musician Max Kaminsky. He covers topics such ranging from his upbringing, how he got started as a musician, and his current career.|~|Max Kaminsky - Box 2 # 15",[between 1963 and 1967?],1963/1967,"1 sound tape reel (29:51) : analog ; 7 in., 1/4 in. tape",Unaired Interview with Musician Max Kaminsky,uclayrlsc1494_002_015,
Sales (Ephraim) Collection of Interviews by Roy Newquist,ark:/21198/zz002hgp6b,ark:/21198/zz002c4jrj,2,Completed,Work,ephraim/audio/21198-zz002hgp6b-1-master.wav,49,,,,copyrighted,"Beard, James, 1903-1985",eng,sound recording-nonmusical,interviews,"University of California, Los Angeles. Library. Department of Special Collections",,"Newquist, Roy",,Recording opens with Roy Newquist introducing cookbook author James Beard. Beard goes on to talk about his cooking philosophy and his ideas for various future cookbooks and novels.|~|James Beard - Box 2 # 16,[between 1963 and 1967?],1963/1967,"1 sound tape reel (32:21) : analog ; 7 in., 1/4 in. tape",Unaired Interview with Cookbook Author James Beard,uclayrlsc1494_002_016,
Sales (Ephraim) Collection of Interviews by Roy Newquist,ark:/21198/zz002hgp7v,ark:/21198/zz002c4jrj,2,Completed,Work,ephraim/audio/21198-zz002hgp7v-1-master.wav,50,,,,copyrighted,"Rathbone, Basil, $d 1892-1967|~|Cooley, Leland Frederick|~|Blatty, William Peter",eng,sound recording-nonmusical,interviews,"University of California, Los Angeles. Library. Department of Special Collections",,"Newquist, Roy",,"Recording begins midway through an interview with Leland Fredrick Cooley. He is midway through explaining how he began writing his first book, The Run From Home. He continues on to talk about some of his other works, writing methods, and other aspects of his career.|~|Leland Cooley - Box 2 # 17|~|Side 1: blank|~|At 11:30, the recording cuts to a rough cut interview with William Peter Blatty. He talks about about how he came to write some of his early novels, his writing methods, his work in Hollywood, and his work concerning Catholicism and exorcisms.|~|At 46:48, the recording cuts to an interview with Basil Rathbone. He describes how he wrote his autobiography, his upbringing, and his acting career.",[September 1963 - 1969?],1963-09/1969,"1 sound tape reel (1:04:51) : analog ; 7 in., 1/4 in. tape","Unaired Interviews with Author Leland Fredrick Cooley, Screenwriter William Peter Blatty, and Actor Basil Rathbone",uclayrlsc1494_002_017,
Sales (Ephraim) Collection of Interviews by Roy Newquist,ark:/21198/zz002hgpbd,ark:/21198/zz002c4jrj,2,Completed,Work,ephraim/audio/21198-zz002hgpbd-1-master.wav,53,,,,copyrighted,"MacInnes, Helen, $d 1907-1985",eng,sound recording-nonmusical,interviews,"University of California, Los Angeles. Library. Department of Special Collections",,"Newquist, Roy",,"Recording begins with an interview with author Helen MacInnes. She covers topics such as how she became a writer, her writing style, her views about her profession.|~|Helen MacInnes - Box 2 # 20","May 1, 1964",1964-05-01,"1 sound tape reel (10:45) : analog ; 7 in., 1/4 in. tape",Counterpoint: Helen MacInnes,uclayrlsc1494_002_020,
Sales (Ephraim) Collection of Interviews by Roy Newquist,ark:/21198/zz002hgpcx,ark:/21198/zz002c4jrj,2,Completed,Work,ephraim/audio/21198-zz002hgpcx-1-master.wav,54,,,,copyrighted,"Lemmon, Jack",eng,sound recording-nonmusical,interviews,"University of California, Los Angeles. Library. Department of Special Collections",,"Newquist, Roy",,"Recording begins with a rough cut interview with actor Jack Lemmon. He covers basic biographical information, his early acting career and current projects.|~|Jack Lemmon - Box 2 # 21",[February 1965],1965-02,"1 sound tape reel (1:02:14) : analog ; 7 in., 1/4 in. tape",Unaired Interview with Actor Jack Lemmon,uclayrlsc1494_002_021,
Sales (Ephraim) Collection of Interviews by Roy Newquist,ark:/21198/zz002hgpdf,ark:/21198/zz002c4jrj,2,Completed,Work,ephraim/audio/21198-zz002hgpdf-1-master.wav,55,,,,copyrighted,"West, Morris, $d 1916-1999|~|Fielding, Gabriel, $d 1916-1986",eng,sound recording-nonmusical,interviews,"University of California, Los Angeles. Library. Department of Special Collections",,"Newquist, Roy",,"At 9:33, the recording cuts to an interview with author Gabriel Fielding. He covers topics such as his upbringing during wartime, his writing style and career as an author.|~|Recording begins with an introduction by Roy Newquist and an interview with author Morris West. He covers religious upbringing, his career as an author, etc.|~|Morris L. West - Box 2 # 22|~|Counterpoint 1: Morris L. West; Counterpoint III: Gabriel Fielding","March 20, 1964",1964-03-20,"1 sound tape reel (19:22) : analog ; 7 in., 1/4 in. tape",Counterpoint: Morris West and Gabriel Fielding,uclayrlsc1494_002_022,
Sales (Ephraim) Collection of Interviews by Roy Newquist,ark:/21198/zz002hgpgg,ark:/21198/zz002c4jrj,2,Completed,Work,ephraim/audio/21198-zz002hgpgg-1-master.wav,57,,,,copyrighted,"Albee, Edward, 1928-|~|Nichols, Mike",eng,sound recording-nonmusical,interviews,"University of California, Los Angeles. Library. Department of Special Collections",,"Newquist, Roy",,"At 54:28, recording cuts to an interview with Edward Albee. He begins by speaking about his thoughts on how is play, Who's Afraid of Virginia Woolf, was being adopted into a film.|~|At 41:40, the recording cuts to a different interview with Mike Nichols. He is talking about the play, Who's Afraid of Virginia Woolf.|~|Recording is a rough cut interview with director Mike Nichols. He covers topics such as how he got started as a stage director, projects such as Who's Afraid of Virginia Woolf, and other aspects of his career like future projects.|~|Interviews on Side 1|~|Mike Nichols - Box 2 # 24",[between 1963 and 1967?],1963/1967,"1 sound tape reel (1:02:36) : analog ; 7 in., 1/4 in. tape",Unaired Interviews with Director Mike Nichols and Playwrite Edward Albee,uclayrlsc1494_002_024,
Sales (Ephraim) Collection of Interviews by Roy Newquist,ark:/21198/zz002hgpjh,ark:/21198/zz002c4jrj,2,Completed,Work,ephraim/audio/21198-zz002hgpjh-1-master.wav,59,,,,copyrighted,"Bassing, Eileen, $d 1908-1977",eng,sound recording-nonmusical,interviews,"University of California, Los Angeles. Library. Department of Special Collections",,"Newquist, Roy",,"Eileen Bassing - Box 2 # 26|~|Eileen Bassing talks about how she became and author, her writing methods, how she responds to critics of her works, and her legacy as a novelist.","May 15, 1964",1964-05-15,"1 sound tape reel (11:29) : analog ; 7 in., 1/4 in. tape",Counterpoint: Eileen Bassing,uclayrlsc1494_002_026,
Sales (Ephraim) Collection of Interviews by Roy Newquist,ark:/21198/zz002hgpk1,ark:/21198/zz002c4jrj,2,Completed,Work,ephraim/audio/21198-zz002hgpk1-1-master.wav,60,,,,copyrighted,"Gaynor, Janet",eng,sound recording-nonmusical,interviews,"University of California, Los Angeles. Library. Department of Special Collections",,"Newquist, Roy",,Recording is an unaired interview with actress Janet Gaynor. She covers topics ranging from her upbringing to her career in Hollywood.|~|Janet Gaynor - Box 2 # 27,[February 1965],1965-02,"1 sound tape reel (53:05) : analog ; 7 in., 1/4 in. tape",Unaired Interview with Actress Janet Gaynor,uclayrlsc1494_002_027,
Sales (Ephraim) Collection of Interviews by Roy Newquist,ark:/21198/zz002hgpn2,ark:/21198/zz002c4jrj,2,Completed,Work,ephraim/audio/21198-zz002hgpn2-1-master.wav,62,,,,copyrighted,"Rascel, Renato, $d 1912-1991|~|Sharpe, Karen",eng,sound recording-nonmusical,interviews,,,"Newquist, Roy",,"Recording begins with Roy Newquist mentioning marijuana but quickly cuts to an interview with Karen Sharpe-Kramer. Kramer is an actress and the wife of director/producer Stanley Kramer. She covers topics primarily concerning her career and family life.|~|At 28:40, recording cuts to Roy Newquist seemingly rehearsing introductions and reciting incoherent lists of food and drinks. Contains some profanity.|~|At 20:49, the recording cuts to an interview with Italian writer Renato Rascel. He mainly covers his career as a composer and Italian actor.|~|At 26:49 recording cuts to another interview with an unidentifiable film maker working in Italy.|~|Side 2: Lennon Sisters; Side 1: Kramer, writer of ""Arrivederci Roma""|~|Karen Kramer - Box 3 # 29",[between 1963 and 1967?],1963/1967,"1 sound tape reel (31:13) : analog ; 5 in., 1/4 in. tape",Unaired Interviews with Actress Karen Sharpe and Musician Renato Rascel,uclayrlsc1494_003_029,
Sales (Ephraim) Collection of Interviews by Roy Newquist,ark:/21198/zz002hgppk,ark:/21198/zz002c4jrj,2,Completed,Work,ephraim/audio/21198-zz002hgppk-1-master.wav,63,,,,copyrighted,"Quinn, Anthony, $d 1915-2001",eng,sound recording-nonmusical,interviews,"University of California, Los Angeles. Library. Department of Special Collections",,"Newquist, Roy",,"Recording is a rough-cut interview with actor Anthony Quinn, speaking about Italian culture and identity, his career, and his craft as an actor.|~|Virna Lisi - Box 3 # 30",[between 1963 and 1967?],1963/1967,"1 sound tape reel (37:23) : analog ; 5 in., 1/4 in. tape",Unaired Interview with Actor Anthony Quinn,uclayrlsc1494_003_030,
Sales (Ephraim) Collection of Interviews by Roy Newquist,ark:/21198/zz002hgpq3,ark:/21198/zz002c4jrj,2,Completed,Work,ephraim/audio/21198-zz002hgpq3-1-master.wav,64,,,,copyrighted,"Elliott, Denholm|~|Parson, Michael J.",eng,sound recording-nonmusical,interviews,"University of California, Los Angeles. Library. Department of Special Collections",,"Newquist, Roy",,"Recording of both actors took place in the Philippines, while filming the film, Too Late the Hero.|~|Michael J. Parson - Box 3 # 31|~|Recording is a rough cut interview with British actor Denholm Elliot. He covers topics such as his acting career, how he approaches acting, and his responsibilities to the audience. He also mentions his fascination with the femininity of women.|~|At 25:55, the recording switches to a rough cut interview with actor Michael J. Parson. He describes his upbringing, his role in the 1970 film, Too Late the Hero, and his influences as an actor.",[between 1963 and 1967?],1963/1967,"1 sound tape reel (32:42) : analog ; 5 in., 1/4 in. tape",Unaired Interview with Actors Denholm Elliott and Michael Parsons,uclayrlsc1494_003_031,
Sales (Ephraim) Collection of Interviews by Roy Newquist,ark:/21198/zz002hgprm,ark:/21198/zz002c4jrj,2,Completed,Work,ephraim/audio/21198-zz002hgprm-1-master.wav,65,,,,copyrighted,"Garner, James",eng,sound recording-nonmusical,interviews,"University of California, Los Angeles. Library. Department of Special Collections",,"Newquist, Roy",,"James Garner - Box 3 # 32|~|Side 1: James Garner; Side 2: Don Stroud|~|Recording is a rough cut interview with actor James Garner. He discusses some of his early roles and how he dealt with agents and studio contracts. He talks at length about some of the legal battles he fought against Hollywood studios, and is also critical of Warner Brother's television studio.",[between 1963 and 1967?],1963/1967,"1 sound tape reel (49:40) : analog ; 5 in., 1/4 in. tape",Unaired Interview with Actor James Garner,uclayrlsc1494_003_032,
Sales (Ephraim) Collection of Interviews by Roy Newquist,ark:/21198/zz002hgptn,ark:/21198/zz002c4jrj,2,Completed,Work,ephraim/audio/21198-zz002hgptn-1-master.wav,67,,,,copyrighted,"Amara, Lucine",eng,sound recording-nonmusical,interviews,"University of California, Los Angeles. Library. Department of Special Collections",,"Newquist, Roy",,"Recording begins as a rough cut interview with musician Lucine Amara. She covers topics such as her upbringing, interest in music, and her career.|~|The recording ends abruptly at 52:10 as Amara is describing her tour through Russia.|~|Pamela Tiffin - Box 3 # 34|~|Side 1: Tiffin; Side 2: Amara",[between 1963 and 1967?],1963/1967,"1 sound tape reel (46:12) : analog ; 5 in., 1/4 in. tape",Unaired Interview with Vocalist Lucine Amara,uclayrlsc1494_003_034,
Sales (Ephraim) Collection of Interviews by Roy Newquist,ark:/21198/zz002hgpx6,ark:/21198/zz002c4jrj,2,Completed,Work,ephraim/audio/21198-zz002hgpx6-1-master.wav,70,,,,copyrighted,"Sommer, Elke",eng,sound recording-nonmusical,interviews,"University of California, Los Angeles. Library. Department of Special Collections",,"Newquist, Roy",,"There are two interviewers heard throughout the recording, Roy Newquist and an unidentified man.|~|Sides 1 and 2|~|Elke Sommer - Box 3 # 37|~|Recording is an already in progress interview with actress Elke Sommer. She is talks about never marrying a fellow actor, and goes on to talk about her career and her approach to acting.|~|At 18:30, Elke Sommer briefly speaks unsympathetically about domestic violence issues.",[between 1963 and 1967?],1963/1967,"1 sound tape reel (43:39) : analog ; 5 in., 1/4 in. tape",Unaired Interview with Actress Elke Sommer,uclayrlsc1494_003_037,
Sales (Ephraim) Collection of Interviews by Roy Newquist,ark:/21198/zz002hgpv5,ark:/21198/zz002c4jrj,10,Completed with minimal metadata,Work,,68,,,https://iiif.library.ucla.edu/iiif/2/ark%3A%2F21198%2Fzz002hgpv5%2Fjc09709v,copyrighted,,,sound recording-nonmusical,,,,,,,,,,Phyllis Diller - Box 3 # 35,uclayrlsc1494_003_035,
Sales (Ephraim) Collection of Interviews by Roy Newquist,ark:/21198/zz002hgb71/5w39jq9p,ark:/21198/zz002hgb71,,,ChildWork,ephraim/audio/21198-zz002hgb71-1-master.wav,1,,,,,,,,,,,,,,,,,Side A,,
Sales (Ephraim) Collection of Interviews by Roy Newquist,ark:/21198/zz002hgb71/s838d87b,ark:/21198/zz002hgb71,,,ChildWork,ephraim/audio/21198-zz002hgb71-2-master.wav,2,,,,,,,,,,,,,,,,,Side B,,
Sales (Ephraim) Collection of Interviews by Roy Newquist,ark:/21198/zz002hgbdm/8h383n1n,ark:/21198/zz002hgbdm,,,ChildWork,ephraim/audio/21198-zz002hgbdm-1-master.wav,1,,,,,,,,,,,,,,,,,Side A,,
Sales (Ephraim) Collection of Interviews by Roy Newquist,ark:/21198/zz002hgbdm/8x06766m,ark:/21198/zz002hgbdm,,,ChildWork,ephraim/audio/21198-zz002hgbdm-2-master.wav,2,,,,,,,,,,,,,,,,,Side B,,
Sales (Ephraim) Collection of Interviews by Roy Newquist,ark:/21198/zz002hgmdg/6123h39h,ark:/21198/zz002hgmdg,,,ChildWork,ephraim/audio/21198-zz002hgmdg-1-master.wav,1,,,,,,,,,,,,,,,,,Side A,,
Sales (Ephraim) Collection of Interviews by Roy Newquist,ark:/21198/zz002hgmdg/cc730m77,ark:/21198/zz002hgmdg,,,ChildWork,ephraim/audio/21198-zz002hgmdg-2-master.wav,2,,,,,,,,,,,,,,,,,Side A,,
Sales (Ephraim) Collection of Interviews by Roy Newquist,ark:/21198/zz002hgpv5/7071r840,ark:/21198/zz002hgpv5,,,ChildWork,ephraim/audio/21198-zz002hgpv5-3-master.wav,2,,,,,,,,,,,,,,,,,Side B,,
Sales (Ephraim) Collection of Interviews by Roy Newquist,ark:/21198/zz002hgpv5/jc09709v,ark:/21198/zz002hgpv5,,,ChildWork,ephraim/audio/21198-zz002hgpv5-2-master.wav,1,,,,,,,,,,,,,,,,,Side A,,
