Project Name,Item ARK,Parent ARK,Item Status ID,Item Status,Object Type,File Name,viewingHint,Text direction,Item Sequence,Duplicate,Delete in Title,Type.typeOfResource,Subject,Type.genre,Language,Name.editor,Name.engraver,Title,Relation.rectoVerso,Relation.pageNumber,Description.note,Source,Relation.isPartOf,Alt ID.local,Date.normalized,Publisher.publisherName,Format.extent,Publisher.placeOfOrigin,Date.publication,Format.dimensions,Description.tableOfContents,Alt ID.oclc,AltTitle.uniform,AltTitle.inscribed,Relation.hasPart,Name.printer,Name.illustrator,Rights.copyrightStatus
Picart (Bernard) Collection,ark:/21198/zz000rwpbx,ark:/21198/zz0009pfgj,2,Completed,ChildWork,picart/masters/21198-zz000rwpbx-1-master.tif,,,1,,,text,,,,,,cover,r,,,,,,,,,,,,,,,,,,,
Picart (Bernard) Collection,ark:/21198/zz000rwpcf,ark:/21198/zz0009pfgj,2,Completed,ChildWork,picart/masters/21198-zz000rwpcf-1-master.tif,,,2,,,text,,,,,,inside front cover,v,,,,,,,,,,,,,,,,,,,
Picart (Bernard) Collection,ark:/21198/zz000rwpdz,ark:/21198/zz0009pfgj,2,Completed,ChildWork,picart/masters/21198-zz000rwpdz-1-master.tif,,,3,,,text,,,,,,blank page 01,r,,,,,,,,,,,,,,,,,,,
Picart (Bernard) Collection,ark:/21198/zz000rwpfg,ark:/21198/zz0009pfgj,2,Completed,ChildWork,picart/masters/21198-zz000rwpfg-1-master.tif,,,4,,,text,,,,,,blank page 02,v,,,,,,,,,,,,,,,,,,,
Picart (Bernard) Collection,ark:/21198/zz000rwpg0,ark:/21198/zz0009pfgj,2,Completed,ChildWork,picart/masters/21198-zz000rwpg0-1-master.tif,,,5,,,text,,,,,,blank page 03,r,,,,,,,,,,,,,,,,,,,
Picart (Bernard) Collection,ark:/21198/zz000rwphh,ark:/21198/zz0009pfgj,2,Completed,ChildWork,picart/masters/21198-zz000rwphh-1-master.tif,,,6,,,text,,,,,,blank page 04,v,,,,,,,,,,,,,,,,,,,
Picart (Bernard) Collection,ark:/21198/zz000rwpj1,ark:/21198/zz0009pfgj,2,Completed,ChildWork,picart/masters/21198-zz000rwpj1-1-master.tif,,,7,,,text,,,,,,half-title page,r,,,,,,,,,,,,,,,,,,,
Picart (Bernard) Collection,ark:/21198/zz000rwpkj,ark:/21198/zz0009pfgj,2,Completed,ChildWork,picart/masters/21198-zz000rwpkj-1-master.tif,,,8,,,text,,,,,,half-title page verso,v,,,,,,,,,,,,,,,,,,,
Picart (Bernard) Collection,ark:/21198/zz000rwpm2,ark:/21198/zz0009pfgj,2,Completed,ChildWork,picart/masters/21198-zz000rwpm2-1-master.tif,,,9,,,text|~|still image,,,,,,title page,r,,,,,,,,,,,,,,,,,,,
Picart (Bernard) Collection,ark:/21198/zz000rwpnk,ark:/21198/zz0009pfgj,2,Completed,ChildWork,picart/masters/21198-zz000rwpnk-1-master.tif,,,10,,,text,,,,,,title page verso,v,,,,,,,,,,,,,,,,,,,
Picart (Bernard) Collection,ark:/21198/zz000rwpp3,ark:/21198/zz0009pfgj,2,Completed,ChildWork,picart/masters/21198-zz000rwpp3-1-master.tif,,,11,,,text|~|still image,,,,,,page 001,r,,,,,,,,,,,,,,,,,,,
Picart (Bernard) Collection,ark:/21198/zz000rwpqm,ark:/21198/zz0009pfgj,2,Completed,ChildWork,picart/masters/21198-zz000rwpqm-1-master.tif,,,12,,,text,,,,,,page 002,v,,,,,,,,,,,,,,,,,,,
Picart (Bernard) Collection,ark:/21198/zz000rwpr4,ark:/21198/zz0009pfgj,2,Completed,ChildWork,picart/masters/21198-zz000rwpr4-1-master.tif,,,13,,,text,,,,,,page 003,r,,,,,,,,,,,,,,,,,,,
Picart (Bernard) Collection,ark:/21198/zz000rwpsn,ark:/21198/zz0009pfgj,2,Completed,ChildWork,picart/masters/21198-zz000rwpsn-1-master.tif,,,14,,,text,,,,,,page 004,v,,,,,,,,,,,,,,,,,,,
Picart (Bernard) Collection,ark:/21198/zz000rwpt5,ark:/21198/zz0009pfgj,2,Completed,ChildWork,picart/masters/21198-zz000rwpt5-1-master.tif,,,15,,,text,,,,,,page 005,r,,,,,,,,,,,,,,,,,,,
Picart (Bernard) Collection,ark:/21198/zz000rwpvp,ark:/21198/zz0009pfgj,2,Completed,ChildWork,picart/masters/21198-zz000rwpvp-1-master.tif,,,16,,,text,,,,,,page 006,v,,,,,,,,,,,,,,,,,,,
Picart (Bernard) Collection,ark:/21198/zz000rwpw6,ark:/21198/zz0009pfgj,2,Completed,ChildWork,picart/masters/21198-zz000rwpw6-1-master.tif,,,17,,,text,,,,,,page 007,r,,,,,,,,,,,,,,,,,,,
Picart (Bernard) Collection,ark:/21198/zz000rwpxq,ark:/21198/zz0009pfgj,2,Completed,ChildWork,picart/masters/21198-zz000rwpxq-1-master.tif,,,18,,,text,,,,,,page 008,v,,,,,,,,,,,,,,,,,,,
Picart (Bernard) Collection,ark:/21198/zz000rwpz7,ark:/21198/zz0009pfgj,2,Completed,ChildWork,picart/masters/21198-zz000rwpz7-1-master.tif,,,19,,,still image,,,,,,Le CELEBRANT distribuë les CIERGES le jour de la CHANDELEUR.,r,,Le CELEBRANT distribuë les CIERGES le jour de la CHANDELEUR.PROCESSION de la CHANDELEUR.Les TÉNÈBRES.On porte le St. SACREMENT dans le TOMBEAU.Le FEU nouveau le jour du SAMEDI SAINT.B. Picart sculp.dir. 1724.BENEDICTION du CIERGE PASCAL.B. Picart del.,page 008a,,,,,,,,,,,,,,,,
Picart (Bernard) Collection,ark:/21198/zz000rwq07,ark:/21198/zz0009pfgj,2,Completed,ChildWork,picart/masters/21198-zz000rwq07-1-master.tif,,,20,,,text,,,,,,page 008b,v,,,,,,,,,,,,,,,,,,,
Picart (Bernard) Collection,ark:/21198/zz000rx5b4,ark:/21198/zz0009pfgj,2,Completed,ChildWork,picart/masters/21198-zz000rx5b4-1-master.tif,,,21,,,text,,,,,,page 009,r,,,,,,,,,,,,,,,,,,,
Picart (Bernard) Collection,ark:/21198/zz000rx5cn,ark:/21198/zz0009pfgj,2,Completed,ChildWork,picart/masters/21198-zz000rx5cn-1-master.tif,,,22,,,text,,,,,,page 010,v,,,,,,,,,,,,,,,,,,,
Picart (Bernard) Collection,ark:/21198/zz000rx5d5,ark:/21198/zz0009pfgj,2,Completed,ChildWork,picart/masters/21198-zz000rx5d5-1-master.tif,,,23,,,text,,,,,,page 011,r,,,,,,,,,,,,,,,,,,,
Picart (Bernard) Collection,ark:/21198/zz000rx5fp,ark:/21198/zz0009pfgj,2,Completed,ChildWork,picart/masters/21198-zz000rx5fp-1-master.tif,,,24,,,text,,,,,,page 012,v,,,,,,,,,,,,,,,,,,,
Picart (Bernard) Collection,ark:/21198/zz000rx5g6,ark:/21198/zz0009pfgj,2,Completed,ChildWork,picart/masters/21198-zz000rx5g6-1-master.tif,,,25,,,still image,,,,,,Le jour des CENDRES.,r,,Le jour des CENDRES.Maniere dont on rend le PAIN-BENIT.B. Picart del,page 012a,,,,,,,,,,,,,,,,
Picart (Bernard) Collection,ark:/21198/zz000rx5hq,ark:/21198/zz0009pfgj,2,Completed,ChildWork,picart/masters/21198-zz000rx5hq-1-master.tif,,,26,,,text,,,,,,page 012b,v,,,,,,,,,,,,,,,,,,,
Picart (Bernard) Collection,ark:/21198/zz000rx5j7,ark:/21198/zz0009pfgj,2,Completed,ChildWork,picart/masters/21198-zz000rx5j7-1-master.tif,,,27,,,text,,,,,,page 013,r,,,,,,,,,,,,,,,,,,,
Picart (Bernard) Collection,ark:/21198/zz000rx5kr,ark:/21198/zz0009pfgj,2,Completed,ChildWork,picart/masters/21198-zz000rx5kr-1-master.tif,,,28,,,text,,,,,,page 014,v,,,,,,,,,,,,,,,,,,,
Picart (Bernard) Collection,ark:/21198/zz000rx5m8,ark:/21198/zz0009pfgj,2,Completed,ChildWork,picart/masters/21198-zz000rx5m8-1-master.tif,,,29,,,text,,,,,,page 015,r,,,,,,,,,,,,,,,,,,,
Picart (Bernard) Collection,ark:/21198/zz000rx5ns,ark:/21198/zz0009pfgj,2,Completed,ChildWork,picart/masters/21198-zz000rx5ns-1-master.tif,,,30,,,text,,,,,,page 016,v,,,,,,,,,,,,,,,,,,,
Picart (Bernard) Collection,ark:/21198/zz000rx5p9,ark:/21198/zz0009pfgj,2,Completed,ChildWork,picart/masters/21198-zz000rx5p9-1-master.tif,,,31,,,text,,,,,,page 016a,r,,,,,,,,,,,,,,,,,,,
Picart (Bernard) Collection,ark:/21198/zz000rx5qt,ark:/21198/zz0009pfgj,2,Completed,ChildWork,picart/masters/21198-zz000rx5qt-1-master.tif,,,32,,,still image,,,,,,La PROCESSION des PALMES le DIMANCHE des RAMEAUX. (left side),v,,La PROCESSION des PALMES le DIMANCHE des RAMEAUX.La PROCESSION du SAINT SACREMENT le jour de la FÊTE-DIEU. B. Picart sculp. dir. 1725,page 016b,,,,,,,,,,,,,,,,
Picart (Bernard) Collection,ark:/21198/zz000rx5rb,ark:/21198/zz0009pfgj,2,Completed,ChildWork,picart/masters/21198-zz000rx5rb-1-master.tif,,,33,,,still image,,,,,,La PROCESSION des PALMES le DIMANCHE des RAMEAUX. (right side),r,,La PROCESSION des PALMES le DIMANCHE des RAMEAUX.La PROCESSION du SAINT SACREMENT le jour de la FÊTE-DIEU. B. Picart sculp. dir. 1725,page 016c,,,,,,,,,,,,,,,,
Picart (Bernard) Collection,ark:/21198/zz000rx5sv,ark:/21198/zz0009pfgj,2,Completed,ChildWork,picart/masters/21198-zz000rx5sv-1-master.tif,,,34,,,text,,,,,,page 016d,v,,,,,,,,,,,,,,,,,,,
Picart (Bernard) Collection,ark:/21198/zz000rx5tc,ark:/21198/zz0009pfgj,2,Completed,ChildWork,picart/masters/21198-zz000rx5tc-1-master.tif,,,35,,,text,,,,,,page 017,r,,,,,,,,,,,,,,,,,,,
Picart (Bernard) Collection,ark:/21198/zz000rx5vw,ark:/21198/zz0009pfgj,2,Completed,ChildWork,picart/masters/21198-zz000rx5vw-1-master.tif,,,36,,,text,,,,,,page 018,v,,,,,,,,,,,,,,,,,,,
Picart (Bernard) Collection,ark:/21198/zz000rx5wd,ark:/21198/zz0009pfgj,2,Completed,ChildWork,picart/masters/21198-zz000rx5wd-1-master.tif,,,37,,,text,,,,,,page 019,r,,,,,,,,,,,,,,,,,,,
Picart (Bernard) Collection,ark:/21198/zz000rx5xx,ark:/21198/zz0009pfgj,2,Completed,ChildWork,picart/masters/21198-zz000rx5xx-1-master.tif,,,38,,,text,,,,,,page 020,v,,,,,,,,,,,,,,,,,,,
Picart (Bernard) Collection,ark:/21198/zz000rx5zf,ark:/21198/zz0009pfgj,2,Completed,ChildWork,picart/masters/21198-zz000rx5zf-1-master.tif,,,39,,,still image,,,,,,Ceremonie de laver les pieds à douze PAUVRES le JEUDI SAINT.,r,,Ceremonie de laver les pieds à douze PAUVRES le JEUDI SAINT.L'ADORATION de la CROIX par le PEUPLE le VENDREDI SAINT.B. Picart sculp. dir. 1724.,page 020a,,,,,,,,,,,,,,,,
Picart (Bernard) Collection,ark:/21198/zz000rx60f,ark:/21198/zz0009pfgj,2,Completed,ChildWork,picart/masters/21198-zz000rx60f-1-master.tif,,,40,,,text,,,,,,page 020b,v,,,,,,,,,,,,,,,,,,,
Picart (Bernard) Collection,ark:/21198/zz000rx61z,ark:/21198/zz0009pfgj,2,Completed,ChildWork,picart/masters/21198-zz000rx61z-1-master.tif,,,41,,,text,,,,,,page 021,r,,,,,,,,,,,,,,,,,,,
Picart (Bernard) Collection,ark:/21198/zz000rx62g,ark:/21198/zz0009pfgj,2,Completed,ChildWork,picart/masters/21198-zz000rx62g-1-master.tif,,,42,,,text,,,,,,page 022,v,,,,,,,,,,,,,,,,,,,
Picart (Bernard) Collection,ark:/21198/zz000rx630,ark:/21198/zz0009pfgj,2,Completed,ChildWork,picart/masters/21198-zz000rx630-1-master.tif,,,43,,,text,,,,,,page 022a,r,,,,,,,,,,,,,,,,,,,
Picart (Bernard) Collection,ark:/21198/zz000rx64h,ark:/21198/zz0009pfgj,2,Completed,ChildWork,picart/masters/21198-zz000rx64h-1-master.tif,,,44,,,still image,,,,,,On porte en PROCESSION les SAINTES HUILES. &c.,v,,On porte en PROCESSION les SAINTES HUILES. &c.BENEDICTION des SAINTES HUILES.Maniere dont L'EVÊQUE est receu a la visite de son DIOCESE.L'EVÊQUE fait l'EXORTATION PASTORALE.On baise la MAIN de L'EVÊQUE.Le CORPS de L'EVÊQUE est exposé dans L'EGLISE.B. Picart sculp. dir. 1723.,page 022b,,,,,,,,,,,,,,,,
Picart (Bernard) Collection,ark:/21198/zz000rx651,ark:/21198/zz0009pfgj,2,Completed,ChildWork,picart/masters/21198-zz000rx651-1-master.tif,,,45,,,text,,,,,,page 023,r,,,,,,,,,,,,,,,,,,,
Picart (Bernard) Collection,ark:/21198/zz000rx66j,ark:/21198/zz0009pfgj,2,Completed,ChildWork,picart/masters/21198-zz000rx66j-1-master.tif,,,46,,,text,,,,,,page 024,v,,,,,,,,,,,,,,,,,,,
Picart (Bernard) Collection,ark:/21198/zz000rx672,ark:/21198/zz0009pfgj,2,Completed,ChildWork,picart/masters/21198-zz000rx672-1-master.tif,,,47,,,text,,,,,,page 025,r,,,,,,,,,,,,,,,,,,,
Picart (Bernard) Collection,ark:/21198/zz000rx68k,ark:/21198/zz0009pfgj,2,Completed,ChildWork,picart/masters/21198-zz000rx68k-1-master.tif,,,48,,,text,,,,,,page 026,v,,,,,,,,,,,,,,,,,,,
Picart (Bernard) Collection,ark:/21198/zz000rx693,ark:/21198/zz0009pfgj,2,Completed,ChildWork,picart/masters/21198-zz000rx693-1-master.tif,,,49,,,text,,,,,,page 027,r,,,,,,,,,,,,,,,,,,,
Picart (Bernard) Collection,ark:/21198/zz000rx6bm,ark:/21198/zz0009pfgj,2,Completed,ChildWork,picart/masters/21198-zz000rx6bm-1-master.tif,,,50,,,text,,,,,,page 028,v,,,,,,,,,,,,,,,,,,,
Picart (Bernard) Collection,ark:/21198/zz000rx6c4,ark:/21198/zz0009pfgj,2,Completed,ChildWork,picart/masters/21198-zz000rx6c4-1-master.tif,,,51,,,text,,,,,,page 029,r,,,,,,,,,,,,,,,,,,,
Picart (Bernard) Collection,ark:/21198/zz000rx6dn,ark:/21198/zz0009pfgj,2,Completed,ChildWork,picart/masters/21198-zz000rx6dn-1-master.tif,,,52,,,text,,,,,,page 030,v,,,,,,,,,,,,,,,,,,,
Picart (Bernard) Collection,ark:/21198/zz000rx6f5,ark:/21198/zz0009pfgj,2,Completed,ChildWork,picart/masters/21198-zz000rx6f5-1-master.tif,,,53,,,text,,,,,,page 031,r,,,,,,,,,,,,,,,,,,,
Picart (Bernard) Collection,ark:/21198/zz000rx6gp,ark:/21198/zz0009pfgj,2,Completed,ChildWork,picart/masters/21198-zz000rx6gp-1-master.tif,,,54,,,text,,,,,,page 032,v,,,,,,,,,,,,,,,,,,,
Picart (Bernard) Collection,ark:/21198/zz000rx6h6,ark:/21198/zz0009pfgj,2,Completed,ChildWork,picart/masters/21198-zz000rx6h6-1-master.tif,,,55,,,text,,,,,,page 033,r,,,,,,,,,,,,,,,,,,,
Picart (Bernard) Collection,ark:/21198/zz000rx6jq,ark:/21198/zz0009pfgj,2,Completed,ChildWork,picart/masters/21198-zz000rx6jq-1-master.tif,,,56,,,text,,,,,,page 034,v,,,,,,,,,,,,,,,,,,,
Picart (Bernard) Collection,ark:/21198/zz000rx6k7,ark:/21198/zz0009pfgj,2,Completed,ChildWork,picart/masters/21198-zz000rx6k7-1-master.tif,,,57,,,text,,,,,,page 035,r,,,,,,,,,,,,,,,,,,,
Picart (Bernard) Collection,ark:/21198/zz000rx6mr,ark:/21198/zz0009pfgj,2,Completed,ChildWork,picart/masters/21198-zz000rx6mr-1-master.tif,,,58,,,text,,,,,,page 036,v,,,,,,,,,,,,,,,,,,,
Picart (Bernard) Collection,ark:/21198/zz000rx6n8,ark:/21198/zz0009pfgj,2,Completed,ChildWork,picart/masters/21198-zz000rx6n8-1-master.tif,,,59,,,text,,,,,,page 037,r,,,,,,,,,,,,,,,,,,,
Picart (Bernard) Collection,ark:/21198/zz000rx6ps,ark:/21198/zz0009pfgj,2,Completed,ChildWork,picart/masters/21198-zz000rx6ps-1-master.tif,,,60,,,text,,,,,,page 038,v,,,,,,,,,,,,,,,,,,,
Picart (Bernard) Collection,ark:/21198/zz000rx7d4,ark:/21198/zz0009pfgj,2,Completed,ChildWork,picart/masters/21198-zz000rx7d4-1-master.tif,,,61,,,text,,,,,,page 039,r,,,,,,,,,,,,,,,,,,,
Picart (Bernard) Collection,ark:/21198/zz000rx7fn,ark:/21198/zz0009pfgj,2,Completed,ChildWork,picart/masters/21198-zz000rx7fn-1-master.tif,,,62,,,text,,,,,,page 040,v,,,,,,,,,,,,,,,,,,,
Picart (Bernard) Collection,ark:/21198/zz000rx7g5,ark:/21198/zz0009pfgj,2,Completed,ChildWork,picart/masters/21198-zz000rx7g5-1-master.tif,,,63,,,text,,,,,,page 041,r,,,,,,,,,,,,,,,,,,,
Picart (Bernard) Collection,ark:/21198/zz000rx7hp,ark:/21198/zz0009pfgj,2,Completed,ChildWork,picart/masters/21198-zz000rx7hp-1-master.tif,,,64,,,text,,,,,,page 042,v,,,,,,,,,,,,,,,,,,,
Picart (Bernard) Collection,ark:/21198/zz000rx7j6,ark:/21198/zz0009pfgj,2,Completed,ChildWork,picart/masters/21198-zz000rx7j6-1-master.tif,,,65,,,text,,,,,,page 043,r,,,,,,,,,,,,,,,,,,,
Picart (Bernard) Collection,ark:/21198/zz000rx7kq,ark:/21198/zz0009pfgj,2,Completed,ChildWork,picart/masters/21198-zz000rx7kq-1-master.tif,,,66,,,text,,,,,,page 044,v,,,,,,,,,,,,,,,,,,,
Picart (Bernard) Collection,ark:/21198/zz000rx7m7,ark:/21198/zz0009pfgj,2,Completed,ChildWork,picart/masters/21198-zz000rx7m7-1-master.tif,,,67,,,text,,,,,,page 045,r,,,,,,,,,,,,,,,,,,,
Picart (Bernard) Collection,ark:/21198/zz000rx7nr,ark:/21198/zz0009pfgj,2,Completed,ChildWork,picart/masters/21198-zz000rx7nr-1-master.tif,,,68,,,text,,,,,,page 046,v,,,,,,,,,,,,,,,,,,,
Picart (Bernard) Collection,ark:/21198/zz000rx7p8,ark:/21198/zz0009pfgj,2,Completed,ChildWork,picart/masters/21198-zz000rx7p8-1-master.tif,,,69,,,still image,,,,,,MANIERE de porter le S. SACREMENT quand le PAPE est en Voyage.,r,,MANIERE de porter le S. SACREMENT quand le PAPE est en Voyage.Romae 1722.,page 046a,,,,,,,,,,,,,,,,
Picart (Bernard) Collection,ark:/21198/zz000rx7qs,ark:/21198/zz0009pfgj,2,Completed,ChildWork,picart/masters/21198-zz000rx7qs-1-master.tif,,,70,,,,,text,,,,page 046b,v,,,,,,,,,,,,,,,,,,,
Picart (Bernard) Collection,ark:/21198/zz000rx7r9,ark:/21198/zz0009pfgj,2,Completed,ChildWork,picart/masters/21198-zz000rx7r9-1-master.tif,,,71,,,text,,,,,,page 047,r,,,,,,,,,,,,,,,,,,,
Picart (Bernard) Collection,ark:/21198/zz000rx7st,ark:/21198/zz0009pfgj,2,Completed,ChildWork,picart/masters/21198-zz000rx7st-1-master.tif,,,72,,,text,,,,,,page 048,v,,,,,,,,,,,,,,,,,,,
Picart (Bernard) Collection,ark:/21198/zz000rx7tb,ark:/21198/zz0009pfgj,2,Completed,ChildWork,picart/masters/21198-zz000rx7tb-1-master.tif,,,73,,,text,,,,,,page 049,r,,,,,,,,,,,,,,,,,,,
Picart (Bernard) Collection,ark:/21198/zz000rx7vv,ark:/21198/zz0009pfgj,2,Completed,ChildWork,picart/masters/21198-zz000rx7vv-1-master.tif,,,74,,,text,,,,,,page 050,v,,,,,,,,,,,,,,,,,,,
Picart (Bernard) Collection,ark:/21198/zz000rx7wc,ark:/21198/zz0009pfgj,2,Completed,ChildWork,picart/masters/21198-zz000rx7wc-1-master.tif,,,75,,,text,,,,,,page 051,r,,,,,,,,,,,,,,,,,,,
Picart (Bernard) Collection,ark:/21198/zz000rx7xw,ark:/21198/zz0009pfgj,2,Completed,ChildWork,picart/masters/21198-zz000rx7xw-1-master.tif,,,76,,,text,,,,,,page 052,v,,,,,,,,,,,,,,,,,,,
Picart (Bernard) Collection,ark:/21198/zz000rx7zd,ark:/21198/zz0009pfgj,2,Completed,ChildWork,picart/masters/21198-zz000rx7zd-1-master.tif,,,77,,,text,,,,,,page 053,r,,,,,,,,,,,,,,,,,,,
Picart (Bernard) Collection,ark:/21198/zz000rx80d,ark:/21198/zz0009pfgj,2,Completed,ChildWork,picart/masters/21198-zz000rx80d-1-master.tif,,,78,,,text,,,,,,page 054,v,,,,,,,,,,,,,,,,,,,
Picart (Bernard) Collection,ark:/21198/zz000rx81x,ark:/21198/zz0009pfgj,2,Completed,ChildWork,picart/masters/21198-zz000rx81x-1-master.tif,,,79,,,text,,,,,,page 055,r,,,,,,,,,,,,,,,,,,,
Picart (Bernard) Collection,ark:/21198/zz000rx82f,ark:/21198/zz0009pfgj,2,Completed,ChildWork,picart/masters/21198-zz000rx82f-1-master.tif,,,80,,,text,,,,,,page 056,v,,,,,,,,,,,,,,,,,,,
Picart (Bernard) Collection,ark:/21198/zz000rz6vt,ark:/21198/zz0009pfgj,2,Completed,ChildWork,picart/masters/21198-zz000rz6vt-1-master.tif,,,81,,,text,,,,,,page 057,r,,,,,,,,,,,,,,,,,,,
Picart (Bernard) Collection,ark:/21198/zz000rz6wb,ark:/21198/zz0009pfgj,2,Completed,ChildWork,picart/masters/21198-zz000rz6wb-1-master.tif,,,82,,,text,,,,,,page 058,v,,,,,,,,,,,,,,,,,,,
Picart (Bernard) Collection,ark:/21198/zz000rz6xv,ark:/21198/zz0009pfgj,2,Completed,ChildWork,picart/masters/21198-zz000rz6xv-1-master.tif,,,83,,,text,,,,,,page 059,r,,,,,,,,,,,,,,,,,,,
Picart (Bernard) Collection,ark:/21198/zz000rz6zc,ark:/21198/zz0009pfgj,2,Completed,ChildWork,picart/masters/21198-zz000rz6zc-1-master.tif,,,84,,,text,,,,,,page 060,v,,,,,,,,,,,,,,,,,,,
Picart (Bernard) Collection,ark:/21198/zz000rz70c,ark:/21198/zz0009pfgj,2,Completed,ChildWork,picart/masters/21198-zz000rz70c-1-master.tif,,,85,,,text,,,,,,page 061,r,,,,,,,,,,,,,,,,,,,
Picart (Bernard) Collection,ark:/21198/zz000rz71w,ark:/21198/zz0009pfgj,2,Completed,ChildWork,picart/masters/21198-zz000rz71w-1-master.tif,,,86,,,text,,,,,,page 062,v,,,,,,,,,,,,,,,,,,,
Picart (Bernard) Collection,ark:/21198/zz000rz72d,ark:/21198/zz0009pfgj,2,Completed,ChildWork,picart/masters/21198-zz000rz72d-1-master.tif,,,87,,,text,,,,,,page 063,r,,,,,,,,,,,,,,,,,,,
Picart (Bernard) Collection,ark:/21198/zz000rz73x,ark:/21198/zz0009pfgj,2,Completed,ChildWork,picart/masters/21198-zz000rz73x-1-master.tif,,,88,,,text,,,,,,page 064,v,,,,,,,,,,,,,,,,,,,
Picart (Bernard) Collection,ark:/21198/zz000rz74f,ark:/21198/zz0009pfgj,2,Completed,ChildWork,picart/masters/21198-zz000rz74f-1-master.tif,,,89,,,text,,,,,,page 065,r,,,,,,,,,,,,,,,,,,,
Picart (Bernard) Collection,ark:/21198/zz000rz75z,ark:/21198/zz0009pfgj,2,Completed,ChildWork,picart/masters/21198-zz000rz75z-1-master.tif,,,90,,,text,,,,,,page 066,v,,,,,,,,,,,,,,,,,,,
Picart (Bernard) Collection,ark:/21198/zz000rz76g,ark:/21198/zz0009pfgj,2,Completed,ChildWork,picart/masters/21198-zz000rz76g-1-master.tif,,,91,,,still image,,,,,,Le BAPTÊME ADMINISTRÉ par un PRÊTRE.,r,,Le BAPTÊME ADMINISTRÉ par un PRÊTRE.Le BAPTÊME ADMINISTRÉ par la SAGE-FEMME.B. Picart sculp. dir. 1722.,page 066a,,,,,,,,,,,,,,,,
Picart (Bernard) Collection,ark:/21198/zz000rz770,ark:/21198/zz0009pfgj,2,Completed,ChildWork,picart/masters/21198-zz000rz770-1-master.tif,,,92,,,text,,,,,,page 066b,v,,,,,,,,,,,,,,,,,,,
Picart (Bernard) Collection,ark:/21198/zz000rz78h,ark:/21198/zz0009pfgj,2,Completed,ChildWork,picart/masters/21198-zz000rz78h-1-master.tif,,,93,,,text,,,,,,page 067,r,,,,,,,,,,,,,,,,,,,
Picart (Bernard) Collection,ark:/21198/zz000rz791,ark:/21198/zz0009pfgj,2,Completed,ChildWork,picart/masters/21198-zz000rz791-1-master.tif,,,94,,,text,,,,,,page 068,v,,,,,,,,,,,,,,,,,,,
Picart (Bernard) Collection,ark:/21198/zz000rz7bj,ark:/21198/zz0009pfgj,2,Completed,ChildWork,picart/masters/21198-zz000rz7bj-1-master.tif,,,95,,,still image,,,,,,CEREMONIE de la CONFIRMATION.,r,,CEREMONIE de la CONFIRMATION.Autre Maniere de CONFIRMER.B. Picart sculp. dir. 1723.,page 068a,,,,,,,,,,,,,,,,
Picart (Bernard) Collection,ark:/21198/zz000rz7c2,ark:/21198/zz0009pfgj,2,Completed,ChildWork,picart/masters/21198-zz000rz7c2-1-master.tif,,,96,,,text,,,,,,page 068b,v,,,,,,,,,,,,,,,,,,,
Picart (Bernard) Collection,ark:/21198/zz000rz7dk,ark:/21198/zz0009pfgj,2,Completed,ChildWork,picart/masters/21198-zz000rz7dk-1-master.tif,,,97,,,text,,,,,,page 069,r,,,,,,,,,,,,,,,,,,,
Picart (Bernard) Collection,ark:/21198/zz000rz7f3,ark:/21198/zz0009pfgj,2,Completed,ChildWork,picart/masters/21198-zz000rz7f3-1-master.tif,,,98,,,text,,,,,,page 070,v,,,,,,,,,,,,,,,,,,,
Picart (Bernard) Collection,ark:/21198/zz000rz7gm,ark:/21198/zz0009pfgj,2,Completed,ChildWork,picart/masters/21198-zz000rz7gm-1-master.tif,,,99,,,still image,,,,,,La COMMUNION.,r,,La COMMUNION.Le VIATIQUE.B. Picart sculp. dir. 1722.,page 070a,,,,,,,,,,,,,,,,
Picart (Bernard) Collection,ark:/21198/zz000rz7h4,ark:/21198/zz0009pfgj,2,Completed,ChildWork,picart/masters/21198-zz000rz7h4-1-master.tif,,,100,,,text,,,,,,page 070b,v,,,,,,,,,,,,,,,,,,,
Picart (Bernard) Collection,ark:/21198/zz000rz7jn,ark:/21198/zz0009pfgj,2,Completed,ChildWork,picart/masters/21198-zz000rz7jn-1-master.tif,,,101,,,text,,,,,,page 071,r,,,,,,,,,,,,,,,,,,,
Picart (Bernard) Collection,ark:/21198/zz000rz7k5,ark:/21198/zz0009pfgj,2,Completed,ChildWork,picart/masters/21198-zz000rz7k5-1-master.tif,,,102,,,text,,,,,,page 072,v,,,,,,,,,,,,,,,,,,,
Picart (Bernard) Collection,ark:/21198/zz000rz7mp,ark:/21198/zz0009pfgj,2,Completed,ChildWork,picart/masters/21198-zz000rz7mp-1-master.tif,,,103,,,text,,,,,,page 073,r,,,,,,,,,,,,,,,,,,,
Picart (Bernard) Collection,ark:/21198/zz000rz7n6,ark:/21198/zz0009pfgj,2,Completed,ChildWork,picart/masters/21198-zz000rz7n6-1-master.tif,,,104,,,text,,,,,,page 074,v,,,,,,,,,,,,,,,,,,,
Picart (Bernard) Collection,ark:/21198/zz000rz7pq,ark:/21198/zz0009pfgj,2,Completed,ChildWork,picart/masters/21198-zz000rz7pq-1-master.tif,,,105,,,text,,,,,,page 075,r,,,,,,,,,,,,,,,,,,,
Picart (Bernard) Collection,ark:/21198/zz000rzjp2,ark:/21198/zz0009pfgj,2,Completed,ChildWork,picart/masters/21198-zz000rzjp2-1-master.tif,,,106,,,text,,,,,,page 076,v,,,,,,,,,,,,,,,,,,,
Picart (Bernard) Collection,ark:/21198/zz000rzjqk,ark:/21198/zz0009pfgj,2,Completed,ChildWork,picart/masters/21198-zz000rzjqk-1-master.tif,,,107,,,still image,,,,,,La CONFESSION.,r,,La CONFESSION.EXTREME ONCTION.B. Picart sculp. dir. 1724.,page 076a,,,,,,,,,,,,,,,,
Picart (Bernard) Collection,ark:/21198/zz000rzjr3,ark:/21198/zz0009pfgj,2,Completed,ChildWork,picart/masters/21198-zz000rzjr3-1-master.tif,,,108,,,text,,,,,,page 076b,v,,,,,,,,,,,,,,,,,,,
Picart (Bernard) Collection,ark:/21198/zz000rzjsm,ark:/21198/zz0009pfgj,2,Completed,ChildWork,picart/masters/21198-zz000rzjsm-1-master.tif,,,109,,,text,,,,,,page 077,r,,,,,,,,,,,,,,,,,,,
Picart (Bernard) Collection,ark:/21198/zz000rzjt4,ark:/21198/zz0009pfgj,2,Completed,ChildWork,picart/masters/21198-zz000rzjt4-1-master.tif,,,110,,,text,,,,,,page 078,v,,,,,,,,,,,,,,,,,,,
Picart (Bernard) Collection,ark:/21198/zz000rzjvn,ark:/21198/zz0009pfgj,2,Completed,ChildWork,picart/masters/21198-zz000rzjvn-1-master.tif,,,111,,,still image,,,,,,Les PENITENS se PRESENTENT.,r,,"Les PENITENS se PRESENTENT.On leur met le CILICE.On les met hors de L'EGLISE.Ils sont devant la porte de l'Eglise, les CIERGES ETEINTS.On les fait RENTRER, en les prenant par la main.Pendant qu'il sont à genoux, on RECITE les LITANIES.B. Picart sculp. dir. 1722.",page 078a,,,,,,,,,,,,,,,,
Picart (Bernard) Collection,ark:/21198/zz000rzjw5,ark:/21198/zz0009pfgj,2,Completed,ChildWork,picart/masters/21198-zz000rzjw5-1-master.tif,,,112,,,text,,,,,,page 078b,v,,,,,,,,,,,,,,,,,,,
Picart (Bernard) Collection,ark:/21198/zz000rzjxp,ark:/21198/zz0009pfgj,2,Completed,ChildWork,picart/masters/21198-zz000rzjxp-1-master.tif,,,113,,,text,,,,,,page 079,r,,,,,,,,,,,,,,,,,,,
Picart (Bernard) Collection,ark:/21198/zz000rzjz6,ark:/21198/zz0009pfgj,2,Completed,ChildWork,picart/masters/21198-zz000rzjz6-1-master.tif,,,114,,,text,,,,,,page 080,v,,,,,,,,,,,,,,,,,,,
Picart (Bernard) Collection,ark:/21198/zz000rzk06,ark:/21198/zz0009pfgj,2,Completed,ChildWork,picart/masters/21198-zz000rzk06-1-master.tif,,,115,,,still image,,,,,,DÉGRADATION de L'EVÊQUE.,r,,DÉGRADATION de L'EVÊQUE.RETABLISSEMENT de celui qui avoit êté DÉGRADÉ.L'EXCOMMUNICATION à chandelles éteintes.RETABLISSEMENT d'un EXCOMMUNIÉ.RECONCILIATION de L'HERETIQUE.L'HERETIQUE conduit aux pieds de l'Autel par L'EVÊQUE.B. Picart sculp. dir. 1723.,page 080a,,,,,,,,,,,,,,,,
Picart (Bernard) Collection,ark:/21198/zz000rzk1q,ark:/21198/zz0009pfgj,2,Completed,ChildWork,picart/masters/21198-zz000rzk1q-1-master.tif,,,116,,,text,,,,,,page 080b,v,,,,,,,,,,,,,,,,,,,
Picart (Bernard) Collection,ark:/21198/zz000rzk27,ark:/21198/zz0009pfgj,2,Completed,ChildWork,picart/masters/21198-zz000rzk27-1-master.tif,,,117,,,text,,,,,,page 081,r,,,,,,,,,,,,,,,,,,,
Picart (Bernard) Collection,ark:/21198/zz000rzk3r,ark:/21198/zz0009pfgj,2,Completed,ChildWork,picart/masters/21198-zz000rzk3r-1-master.tif,,,118,,,text,,,,,,page 082,v,,,,,,,,,,,,,,,,,,,
Picart (Bernard) Collection,ark:/21198/zz000rzk48,ark:/21198/zz0009pfgj,2,Completed,ChildWork,picart/masters/21198-zz000rzk48-1-master.tif,,,119,,,text,,,,,,page 083,r,,,,,,,,,,,,,,,,,,,
Picart (Bernard) Collection,ark:/21198/zz000rzk5s,ark:/21198/zz0009pfgj,2,Completed,ChildWork,picart/masters/21198-zz000rzk5s-1-master.tif,,,120,,,text,,,,,,page 084,v,,,,,,,,,,,,,,,,,,,
Picart (Bernard) Collection,ark:/21198/zz000rzk69,ark:/21198/zz0009pfgj,2,Completed,ChildWork,picart/masters/21198-zz000rzk69-1-master.tif,,,121,,,text,,,,,,page 085,r,,,,,,,,,,,,,,,,,,,
Picart (Bernard) Collection,ark:/21198/zz000rzk7t,ark:/21198/zz0009pfgj,2,Completed,ChildWork,picart/masters/21198-zz000rzk7t-1-master.tif,,,122,,,,,text,,,,page 086,v,,,,,,,,,,,,,,,,,,,
Picart (Bernard) Collection,ark:/21198/zz000rzk8b,ark:/21198/zz0009pfgj,2,Completed,ChildWork,picart/masters/21198-zz000rzk8b-1-master.tif,,,123,,,text,,,,,,page 087,r,,,,,,,,,,,,,,,,,,,
Picart (Bernard) Collection,ark:/21198/zz000rzk9v,ark:/21198/zz0009pfgj,2,Completed,ChildWork,picart/masters/21198-zz000rzk9v-1-master.tif,,,124,,,text,,,,,,page 088,v,,,,,,,,,,,,,,,,,,,
Picart (Bernard) Collection,ark:/21198/zz000rzkbc,ark:/21198/zz0009pfgj,2,Completed,ChildWork,picart/masters/21198-zz000rzkbc-1-master.tif,,,125,,,text,,,,,,page 089,r,,,,,,,,,,,,,,,,,,,
Picart (Bernard) Collection,ark:/21198/zz000rzkcw,ark:/21198/zz0009pfgj,2,Completed,ChildWork,picart/masters/21198-zz000rzkcw-1-master.tif,,,126,,,text,,,,,,page 090,v,,,,,,,,,,,,,,,,,,,
Picart (Bernard) Collection,ark:/21198/zz000rzkdd,ark:/21198/zz0009pfgj,2,Completed,ChildWork,picart/masters/21198-zz000rzkdd-1-master.tif,,,127,,,text,,,,,,page 091,r,,,,,,,,,,,,,,,,,,,
Picart (Bernard) Collection,ark:/21198/zz000rzkfx,ark:/21198/zz0009pfgj,2,Completed,ChildWork,picart/masters/21198-zz000rzkfx-1-master.tif,,,128,,,text,,,,,,page 092 (image error),v,,,,,,,,,,,,,,,,,,,
Picart (Bernard) Collection,ark:/21198/zz000rzkgf,ark:/21198/zz0009pfgj,2,Completed,ChildWork,picart/masters/21198-zz000rzkgf-1-master.tif,,,129,,,text,,,,,,page 093,r,,,,,,,,,,,,,,,,,,,
Picart (Bernard) Collection,ark:/21198/zz000rzkhz,ark:/21198/zz0009pfgj,2,Completed,ChildWork,picart/masters/21198-zz000rzkhz-1-master.tif,,,130,,,text,,,,,,page 094,v,,,,,,,,,,,,,,,,,,,
Picart (Bernard) Collection,ark:/21198/zz000rzkjg,ark:/21198/zz0009pfgj,2,Completed,ChildWork,picart/masters/21198-zz000rzkjg-1-master.tif,,,131,,,text,,,,,,page 095,r,,,,,,,,,,,,,,,,,,,
Picart (Bernard) Collection,ark:/21198/zz000rzkk0,ark:/21198/zz0009pfgj,2,Completed,ChildWork,picart/masters/21198-zz000rzkk0-1-master.tif,,,132,,,text,,,,,,page 096,v,,,,,,,,,,,,,,,,,,,
Picart (Bernard) Collection,ark:/21198/zz000rzkmh,ark:/21198/zz0009pfgj,2,Completed,ChildWork,picart/masters/21198-zz000rzkmh-1-master.tif,,,133,,,text,,,,,,page 097,r,,,,,,,,,,,,,,,,,,,
Picart (Bernard) Collection,ark:/21198/zz000rzkn1,ark:/21198/zz0009pfgj,2,Completed,ChildWork,picart/masters/21198-zz000rzkn1-1-master.tif,,,134,,,text,,,,,,page 098,v,,,,,,,,,,,,,,,,,,,
Picart (Bernard) Collection,ark:/21198/zz000rzkpj,ark:/21198/zz0009pfgj,2,Completed,ChildWork,picart/masters/21198-zz000rzkpj-1-master.tif,,,135,,,text,,,,,,page 098a,r,,,,,,,,,,,,,,,,,,,
Picart (Bernard) Collection,ark:/21198/zz000rzkq2,ark:/21198/zz0009pfgj,2,Completed,ChildWork,picart/masters/21198-zz000rzkq2-1-master.tif,,,136,,,still image,,,,,,L'EXPOSISION du CORPS à la Porte du Logis.,v,,L'EXPOSISION du CORPS à la Porte du Logis.L'ÔFRANDE du PAIN et du VIN à la MESSE des MORTS.B. Picart sculp. dir. 1724.,page 098b,,,,,,,,,,,,,,,,
Picart (Bernard) Collection,ark:/21198/zz000rzkrk,ark:/21198/zz0009pfgj,2,Completed,ChildWork,picart/masters/21198-zz000rzkrk-1-master.tif,,,137,,,text,,,,,,page 099,r,,,,,,,,,,,,,,,,,,,
Picart (Bernard) Collection,ark:/21198/zz000rzks3,ark:/21198/zz0009pfgj,2,Completed,ChildWork,picart/masters/21198-zz000rzks3-1-master.tif,,,138,,,text,,,,,,page 100,v,,,,,,,,,,,,,,,,,,,
Picart (Bernard) Collection,ark:/21198/zz000rzktm,ark:/21198/zz0009pfgj,2,Completed,ChildWork,picart/masters/21198-zz000rzktm-1-master.tif,,,139,,,text,,,,,,page 100a,r,,,,,,,,,,,,,,,,,,,
Picart (Bernard) Collection,ark:/21198/zz000rzkv4,ark:/21198/zz0009pfgj,2,Completed,ChildWork,picart/masters/21198-zz000rzkv4-1-master.tif,,,140,,,still image,,,,,,Le CONVOI FUNÊBRE. (left side),v,,Le CONVOI FUNÊBRE.LE CORPS EXPOSÉ dans le CHŒUR.,page 100b,,,,,,,,,,,,,,,,
Picart (Bernard) Collection,ark:/21198/zz000rzkwn,ark:/21198/zz0009pfgj,2,Completed,ChildWork,picart/masters/21198-zz000rzkwn-1-master.tif,,,141,,,still image,,,,,,Le CONVOI FUNÊBRE. (right side),r,,Le CONVOI FUNÊBRE.On jette L'EAU BENITE sur le CORPS apres qu'on la DESCENDU dans la FOSSE.B. Picart sculp. dir. 1724.,page 100c,,,,,,,,,,,,,,,,
Picart (Bernard) Collection,ark:/21198/zz000rzkx5,ark:/21198/zz0009pfgj,2,Completed,ChildWork,picart/masters/21198-zz000rzkx5-1-master.tif,,,142,,,text,,,,,,page 100d,v,,,,,,,,,,,,,,,,,,,
Picart (Bernard) Collection,ark:/21198/zz000rzkzp,ark:/21198/zz0009pfgj,2,Completed,ChildWork,picart/masters/21198-zz000rzkzp-1-master.tif,,,143,,,text,,,,,,page 101,r,,,,,,,,,,,,,,,,,,,
Picart (Bernard) Collection,ark:/21198/zz000rzm0p,ark:/21198/zz0009pfgj,2,Completed,ChildWork,picart/masters/21198-zz000rzm0p-1-master.tif,,,144,,,text,,,,,,page 102,v,,,,,,,,,,,,,,,,,,,
Picart (Bernard) Collection,ark:/21198/zz000rzm16,ark:/21198/zz0009pfgj,2,Completed,ChildWork,picart/masters/21198-zz000rzm16-1-master.tif,,,145,,,text,,,,,,page 103,r,,,,,,,,,,,,,,,,,,,
Picart (Bernard) Collection,ark:/21198/zz000rzm2q,ark:/21198/zz0009pfgj,2,Completed,ChildWork,picart/masters/21198-zz000rzm2q-1-master.tif,,,146,,,text,,,,,,page 104,v,,,,,,,,,,,,,,,,,,,
Picart (Bernard) Collection,ark:/21198/zz000rzm37,ark:/21198/zz0009pfgj,2,Completed,ChildWork,picart/masters/21198-zz000rzm37-1-master.tif,,,147,,,text,,,,,,page 105,r,,,,,,,,,,,,,,,,,,,
Picart (Bernard) Collection,ark:/21198/zz000rzm4r,ark:/21198/zz0009pfgj,2,Completed,ChildWork,picart/masters/21198-zz000rzm4r-1-master.tif,,,148,,,text,,,,,,page 106,v,,,,,,,,,,,,,,,,,,,
Picart (Bernard) Collection,ark:/21198/zz000rzm58,ark:/21198/zz0009pfgj,2,Completed,ChildWork,picart/masters/21198-zz000rzm58-1-master.tif,,,149,,,text,,,,,,page 107,r,,,,,,,,,,,,,,,,,,,
Picart (Bernard) Collection,ark:/21198/zz000rzm6s,ark:/21198/zz0009pfgj,2,Completed,ChildWork,picart/masters/21198-zz000rzm6s-1-master.tif,,,150,,,text,,,,,,page 108,v,,,,,,,,,,,,,,,,,,,
Picart (Bernard) Collection,ark:/21198/zz000rzm79,ark:/21198/zz0009pfgj,2,Completed,ChildWork,picart/masters/21198-zz000rzm79-1-master.tif,,,151,,,text,,,,,,page 109,r,,,,,,,,,,,,,,,,,,,
Picart (Bernard) Collection,ark:/21198/zz000rzm8t,ark:/21198/zz0009pfgj,2,Completed,ChildWork,picart/masters/21198-zz000rzm8t-1-master.tif,,,152,,,text,,,,,,page 110,v,,,,,,,,,,,,,,,,,,,
Picart (Bernard) Collection,ark:/21198/zz000rzm9b,ark:/21198/zz0009pfgj,2,Completed,ChildWork,picart/masters/21198-zz000rzm9b-1-master.tif,,,153,,,text,,,,,,page 111,r,,,,,,,,,,,,,,,,,,,
Picart (Bernard) Collection,ark:/21198/zz000rzmbv,ark:/21198/zz0009pfgj,2,Completed,ChildWork,picart/masters/21198-zz000rzmbv-1-master.tif,,,154,,,text,,,,,,page 112,v,,,,,,,,,,,,,,,,,,,
Picart (Bernard) Collection,ark:/21198/zz000rzmcc,ark:/21198/zz0009pfgj,2,Completed,ChildWork,picart/masters/21198-zz000rzmcc-1-master.tif,,,155,,,text,,,,,,page 113,r,,,,,,,,,,,,,,,,,,,
Picart (Bernard) Collection,ark:/21198/zz000rzmdw,ark:/21198/zz0009pfgj,2,Completed,ChildWork,picart/masters/21198-zz000rzmdw-1-master.tif,,,156,,,text,,,,,,page 114,v,,,,,,,,,,,,,,,,,,,
Picart (Bernard) Collection,ark:/21198/zz000rzmfd,ark:/21198/zz0009pfgj,2,Completed,ChildWork,picart/masters/21198-zz000rzmfd-1-master.tif,,,157,,,still image,,,,,,Ceremonie de MARIAGE.,r,,Ceremonie de MARIAGE.Benediction du LIT NUPTIAL.B. Picart sculp. dir. 1724.,page 114a,,,,,,,,,,,,,,,,
Picart (Bernard) Collection,ark:/21198/zz000rzmgx,ark:/21198/zz0009pfgj,2,Completed,ChildWork,picart/masters/21198-zz000rzmgx-1-master.tif,,,158,,,text,,,,,,page 114b,v,,,,,,,,,,,,,,,,,,,
Picart (Bernard) Collection,ark:/21198/zz000rzmhf,ark:/21198/zz0009pfgj,2,Completed,ChildWork,picart/masters/21198-zz000rzmhf-1-master.tif,,,159,,,text,,,,,,page 115,r,,,,,,,,,,,,,,,,,,,
Picart (Bernard) Collection,ark:/21198/zz000rzmjz,ark:/21198/zz0009pfgj,2,Completed,ChildWork,picart/masters/21198-zz000rzmjz-1-master.tif,,,160,,,text,,,,,,page 116,v,,,,,,,,,,,,,,,,,,,
Picart (Bernard) Collection,ark:/21198/zz000rzmkg,ark:/21198/zz0009pfgj,2,Completed,ChildWork,picart/masters/21198-zz000rzmkg-1-master.tif,,,161,,,text,,,,,,page 117,r,,,,,,,,,,,,,,,,,,,
Picart (Bernard) Collection,ark:/21198/zz000rzmm0,ark:/21198/zz0009pfgj,2,Completed,ChildWork,picart/masters/21198-zz000rzmm0-1-master.tif,,,162,,,text,,,,,,page 118,v,,,,,,,,,,,,,,,,,,,
Picart (Bernard) Collection,ark:/21198/zz000rzmnh,ark:/21198/zz0009pfgj,2,Completed,ChildWork,picart/masters/21198-zz000rzmnh-1-master.tif,,,163,,,text,,,,,,page 119,r,,,,,,,,,,,,,,,,,,,
Picart (Bernard) Collection,ark:/21198/zz000rzmp1,ark:/21198/zz0009pfgj,2,Completed,ChildWork,picart/masters/21198-zz000rzmp1-1-master.tif,,,164,,,text,,,,,,page 120,v,,,,,,,,,,,,,,,,,,,
Picart (Bernard) Collection,ark:/21198/zz000rzmqj,ark:/21198/zz0009pfgj,2,Completed,ChildWork,picart/masters/21198-zz000rzmqj-1-master.tif,,,165,,,text,,,,,,page 121,r,,,,,,,,,,,,,,,,,,,
Picart (Bernard) Collection,ark:/21198/zz000s05n3,ark:/21198/zz0009pfgj,2,Completed,ChildWork,picart/masters/21198-zz000s05n3-1-master.tif,,,166,,,text,,,,,,page 122,v,,,,,,,,,,,,,,,,,,,
Picart (Bernard) Collection,ark:/21198/zz000s05pm,ark:/21198/zz0009pfgj,2,Completed,ChildWork,picart/masters/21198-zz000s05pm-1-master.tif,,,167,,,text,,,,,,page 123,r,,,,,,,,,,,,,,,,,,,
Picart (Bernard) Collection,ark:/21198/zz000s05q4,ark:/21198/zz0009pfgj,2,Completed,ChildWork,picart/masters/21198-zz000s05q4-1-master.tif,,,168,,,text,,,,,,page 124,v,,,,,,,,,,,,,,,,,,,
Picart (Bernard) Collection,ark:/21198/zz000s05rn,ark:/21198/zz0009pfgj,2,Completed,ChildWork,picart/masters/21198-zz000s05rn-1-master.tif,,,169,,,text,,,,,,page 124a,r,,,,,,,,,,,,,,,,,,,
Picart (Bernard) Collection,ark:/21198/zz000s05s5,ark:/21198/zz0009pfgj,2,Completed,ChildWork,picart/masters/21198-zz000s05s5-1-master.tif,,,170,,,still image,,,,,,Le CLERC reçoit la TONSURE.,v,,Le CLERC reçoit la TONSURE.Le CLERC reçoit le SURPLIS.ORDINATION du SACRISTAIN.ORDINATION du LECTEUR.ORDINATION de L'EXORCISTE.ORDINATION de L'ACOLYTE.B. Picart sculp. dir. 1722.,page 124b,,,,,,,,,,,,,,,,
Picart (Bernard) Collection,ark:/21198/zz000s05tp,ark:/21198/zz0009pfgj,2,Completed,ChildWork,picart/masters/21198-zz000s05tp-1-master.tif,,,171,,,text,,,,,,page 125,r,,,,,,,,,,,,,,,,,,,
Picart (Bernard) Collection,ark:/21198/zz000s05v6,ark:/21198/zz0009pfgj,2,Completed,ChildWork,picart/masters/21198-zz000s05v6-1-master.tif,,,172,,,text,,,,,,page 126,v,,,,,,,,,,,,,,,,,,,
Picart (Bernard) Collection,ark:/21198/zz000s05wq,ark:/21198/zz0009pfgj,2,Completed,ChildWork,picart/masters/21198-zz000s05wq-1-master.tif,,,173,,,text,,,,,,page 127,r,,,,,,,,,,,,,,,,,,,
Picart (Bernard) Collection,ark:/21198/zz000s05x7,ark:/21198/zz0009pfgj,2,Completed,ChildWork,picart/masters/21198-zz000s05x7-1-master.tif,,,174,,,text,,,,,,page 128,v,,,,,,,,,,,,,,,,,,,
Picart (Bernard) Collection,ark:/21198/zz000s05zr,ark:/21198/zz0009pfgj,2,Completed,ChildWork,picart/masters/21198-zz000s05zr-1-master.tif,,,175,,,still image,,,,,,ORDINATION des SOÛDIACRES.,r,,ORDINATION des SOÛDIACRES.ORDINATION des DIACRES.ORDINATION des PRÊTRES.Le PRÊTRE reçoit L' IMPOSITION des mains.L'EVÊQUE donne aux PRÊTRES le pouvoir de CONSACRER.L'EVÊQUE COMMUNIE les nouveaux PRÊTRES.B. Picart sculp. dir. 1722,page 128a,,,,,,,,,,,,,,,,
Picart (Bernard) Collection,ark:/21198/zz000s060r,ark:/21198/zz0009pfgj,2,Completed,ChildWork,picart/masters/21198-zz000s060r-1-master.tif,,,176,,,text,,,,,,page 128b,v,,,,,,,,,,,,,,,,,,,
Picart (Bernard) Collection,ark:/21198/zz000s0618,ark:/21198/zz0009pfgj,2,Completed,ChildWork,picart/masters/21198-zz000s0618-1-master.tif,,,177,,,text,,,,,,page 129,r,,,,,,,,,,,,,,,,,,,
Picart (Bernard) Collection,ark:/21198/zz000s062s,ark:/21198/zz0009pfgj,2,Completed,ChildWork,picart/masters/21198-zz000s062s-1-master.tif,,,178,,,text,,,,,,page 130,v,,,,,,,,,,,,,,,,,,,
Picart (Bernard) Collection,ark:/21198/zz000s0639,ark:/21198/zz0009pfgj,2,Completed,ChildWork,picart/masters/21198-zz000s0639-1-master.tif,,,179,,,text,,,,,,page 131,r,,,,,,,,,,,,,,,,,,,
Picart (Bernard) Collection,ark:/21198/zz000s064t,ark:/21198/zz0009pfgj,2,Completed,ChildWork,picart/masters/21198-zz000s064t-1-master.tif,,,180,,,text,,,,,,page 132,v,,,,,,,,,,,,,,,,,,,
Picart (Bernard) Collection,ark:/21198/zz000s065b,ark:/21198/zz0009pfgj,2,Completed,ChildWork,picart/masters/21198-zz000s065b-1-master.tif,,,181,,,still image,,,,,,L'EVEQUE désigné se presente avec les deux ASSISTANS.,r,,L'EVEQUE désigné se presente avec les deux ASSISTANS.L'EVEQUE désigné prête le SERMENT.L'EVEQUE désigné se PROSTERNE.L'EVEQUE désigné êst OINT.On OINT les mains de L'EVEQUE.On lui donne le BÂTON PASTORAL.B. Picart sculp. dir. 1722.,page 132a,,,,,,,,,,,,,,,,
Picart (Bernard) Collection,ark:/21198/zz000s066v,ark:/21198/zz0009pfgj,2,Completed,ChildWork,picart/masters/21198-zz000s066v-1-master.tif,,,182,,,text,,,,,,page 132b,v,,,,,,,,,,,,,,,,,,,
Picart (Bernard) Collection,ark:/21198/zz000s067c,ark:/21198/zz0009pfgj,2,Completed,ChildWork,picart/masters/21198-zz000s067c-1-master.tif,,,183,,,text,,,,,,page 133,r,,,,,,,,,,,,,,,,,,,
Picart (Bernard) Collection,ark:/21198/zz000s068w,ark:/21198/zz0009pfgj,2,Completed,ChildWork,picart/masters/21198-zz000s068w-1-master.tif,,,184,,,text,,,,,,page 134,v,,,,,,,,,,,,,,,,,,,
Picart (Bernard) Collection,ark:/21198/zz000s069d,ark:/21198/zz0009pfgj,2,Completed,ChildWork,picart/masters/21198-zz000s069d-1-master.tif,,,185,,,still image,,,,,,On donne l'ANNEAÚ à L'EVÊQUE.,r,,"On donne l'ANNEAÚ à L'EVÊQUE.On lui presente le LIVRE des EVANGILES.Le nouvel EVÊQUE presente les flambeaux, le Pain, et le Vin.On met la MITRE sur la tête de L'EVÊQUE consacré.On lui donne le BÂTON PASTORAL.L'ARCHEVEQUE recevant le PALLIUM.B. Picart, sculp. dir. 1722.",page 134a,,,,,,,,,,,,,,,,
Picart (Bernard) Collection,ark:/21198/zz000s06bx,ark:/21198/zz0009pfgj,2,Completed,ChildWork,picart/masters/21198-zz000s06bx-1-master.tif,,,186,,,text,,,,,,page 134b,v,,,,,,,,,,,,,,,,,,,
Picart (Bernard) Collection,ark:/21198/zz000s06cf,ark:/21198/zz0009pfgj,2,Completed,ChildWork,picart/masters/21198-zz000s06cf-1-master.tif,,,187,,,text,,,,,,page 135,r,,,,,,,,,,,,,,,,,,,
Picart (Bernard) Collection,ark:/21198/zz000s06dz,ark:/21198/zz0009pfgj,2,Completed,ChildWork,picart/masters/21198-zz000s06dz-1-master.tif,,,188,,,text,,,,,,page 136,v,,,,,,,,,,,,,,,,,,,
Picart (Bernard) Collection,ark:/21198/zz000s06fg,ark:/21198/zz0009pfgj,2,Completed,ChildWork,picart/masters/21198-zz000s06fg-1-master.tif,,,189,,,text,,,,,,page 137,r,,,,,,,,,,,,,,,,,,,
Picart (Bernard) Collection,ark:/21198/zz000s06g0,ark:/21198/zz0009pfgj,2,Completed,ChildWork,picart/masters/21198-zz000s06g0-1-master.tif,,,190,,,text,,,,,,page 138,v,,,,,,,,,,,,,,,,,,,
Picart (Bernard) Collection,ark:/21198/zz000s06hh,ark:/21198/zz0009pfgj,2,Completed,ChildWork,picart/masters/21198-zz000s06hh-1-master.tif,,,191,,,text,,,,,,page 139,r,,,,,,,,,,,,,,,,,,,
Picart (Bernard) Collection,ark:/21198/zz000s06j1,ark:/21198/zz0009pfgj,2,Completed,ChildWork,picart/masters/21198-zz000s06j1-1-master.tif,,,192,,,text,,,,,,page 140,v,,,,,,,,,,,,,,,,,,,
Picart (Bernard) Collection,ark:/21198/zz000s06kj,ark:/21198/zz0009pfgj,2,Completed,ChildWork,picart/masters/21198-zz000s06kj-1-master.tif,,,193,,,text,,,,,,page 141,r,,,,,,,,,,,,,,,,,,,
Picart (Bernard) Collection,ark:/21198/zz000s06m2,ark:/21198/zz0009pfgj,2,Completed,ChildWork,picart/masters/21198-zz000s06m2-1-master.tif,,,194,,,text,,,,,,page 142,v,,,,,,,,,,,,,,,,,,,
Picart (Bernard) Collection,ark:/21198/zz000s06nk,ark:/21198/zz0009pfgj,2,Completed,ChildWork,picart/masters/21198-zz000s06nk-1-master.tif,,,195,,,text,,,,,,page 143,r,,,,,,,,,,,,,,,,,,,
Picart (Bernard) Collection,ark:/21198/zz000s06p3,ark:/21198/zz0009pfgj,2,Completed,ChildWork,picart/masters/21198-zz000s06p3-1-master.tif,,,196,,,text,,,,,,page 144,v,,,,,,,,,,,,,,,,,,,
Picart (Bernard) Collection,ark:/21198/zz000s06qm,ark:/21198/zz0009pfgj,2,Completed,ChildWork,picart/masters/21198-zz000s06qm-1-master.tif,,,197,,,still image,,,,,,On donne L'HABIT ECCLESIASTIQUE à L'ABÉ.,r,,On donne L'HABIT ECCLESIASTIQUE à L'ABÉ.On lui IMPOSE les MAINS.On donne le VOILE à L'ABESSE.La CONSECRATION des RELIGIEUSES.BENEDICTION des HABITS des RELIGIEUSES.Les RELIGIEUSES reçoivent le VOILE.B. Picart sculp. dir. 1722.,page 144a,,,,,,,,,,,,,,,,
Picart (Bernard) Collection,ark:/21198/zz000s06r4,ark:/21198/zz0009pfgj,2,Completed,ChildWork,picart/masters/21198-zz000s06r4-1-master.tif,,,198,,,text,,,,,,page 144b,v,,,,,,,,,,,,,,,,,,,
Picart (Bernard) Collection,ark:/21198/zz000s06sn,ark:/21198/zz0009pfgj,2,Completed,ChildWork,picart/masters/21198-zz000s06sn-1-master.tif,,,199,,,text,,,,,,page 145,r,,,,,,,,,,,,,,,,,,,
Picart (Bernard) Collection,ark:/21198/zz000s06t5,ark:/21198/zz0009pfgj,2,Completed,ChildWork,picart/masters/21198-zz000s06t5-1-master.tif,,,200,,,text,,,,,,page 146,v,,,,,,,,,,,,,,,,,,,
Picart (Bernard) Collection,ark:/21198/zz000s06vp,ark:/21198/zz0009pfgj,2,Completed,ChildWork,picart/masters/21198-zz000s06vp-1-master.tif,,,201,,,still image,,,,,,L'EVÊQUE donne l'ANNEAU aux Nouvelles RELIGIEUSES.,r,,L'EVÊQUE donne l'ANNEAU aux Nouvelles RELIGIEUSES.On COURONNE la Nouvelle RELIGIEUSE.On fait la Lecture de L'ANATHEME.Les RELIGIEUSES presentent des CIERGES.L'EVÊQUE COMMUNIE les RELIGIEUSES.On leur donne le BREVIAIRE.B. Picart sculp. dir. 1722.,page 146a,,,,,,,,,,,,,,,,
Picart (Bernard) Collection,ark:/21198/zz000s06w6,ark:/21198/zz0009pfgj,2,Completed,ChildWork,picart/masters/21198-zz000s06w6-1-master.tif,,,202,,,text,,,,,,page 146b,v,,,,,,,,,,,,,,,,,,,
Picart (Bernard) Collection,ark:/21198/zz000s06xq,ark:/21198/zz0009pfgj,2,Completed,ChildWork,picart/masters/21198-zz000s06xq-1-master.tif,,,203,,,text,,,,,,page 147,r,,,,,,,,,,,,,,,,,,,
Picart (Bernard) Collection,ark:/21198/zz000s06z7,ark:/21198/zz0009pfgj,2,Completed,ChildWork,picart/masters/21198-zz000s06z7-1-master.tif,,,204,,,text,,,,,,page 148,v,,,,,,,,,,,,,,,,,,,
Picart (Bernard) Collection,ark:/21198/zz000s0707,ark:/21198/zz0009pfgj,2,Completed,ChildWork,picart/masters/21198-zz000s0707-1-master.tif,,,205,,,text,,,,,,page 149,r,,,,,,,,,,,,,,,,,,,
Picart (Bernard) Collection,ark:/21198/zz000s071r,ark:/21198/zz0009pfgj,2,Completed,ChildWork,picart/masters/21198-zz000s071r-1-master.tif,,,206,,,text,,,,,,page 150,v,,,,,,,,,,,,,,,,,,,
Picart (Bernard) Collection,ark:/21198/zz000s0728,ark:/21198/zz0009pfgj,2,Completed,ChildWork,picart/masters/21198-zz000s0728-1-master.tif,,,207,,,text,,,,,,page 151,r,,,,,,,,,,,,,,,,,,,
Picart (Bernard) Collection,ark:/21198/zz000s073s,ark:/21198/zz0009pfgj,2,Completed,ChildWork,picart/masters/21198-zz000s073s-1-master.tif,,,208,,,text,,,,,,page 152,v,,,,,,,,,,,,,,,,,,,
Picart (Bernard) Collection,ark:/21198/zz000s0749,ark:/21198/zz0009pfgj,2,Completed,ChildWork,picart/masters/21198-zz000s0749-1-master.tif,,,209,,,text,,,,,,page 153,r,,,,,,,,,,,,,,,,,,,
Picart (Bernard) Collection,ark:/21198/zz000s075t,ark:/21198/zz0009pfgj,2,Completed,ChildWork,picart/masters/21198-zz000s075t-1-master.tif,,,210,,,text,,,,,,page 154,v,,,,,,,,,,,,,,,,,,,
Picart (Bernard) Collection,ark:/21198/zz000s076b,ark:/21198/zz0009pfgj,2,Completed,ChildWork,picart/masters/21198-zz000s076b-1-master.tif,,,211,,,text,,,,,,page 155,r,,,,,,,,,,,,,,,,,,,
Picart (Bernard) Collection,ark:/21198/zz000s077v,ark:/21198/zz0009pfgj,2,Completed,ChildWork,picart/masters/21198-zz000s077v-1-master.tif,,,212,,,text,,,,,,page 156,v,,,,,,,,,,,,,,,,,,,
Picart (Bernard) Collection,ark:/21198/zz000s078c,ark:/21198/zz0009pfgj,2,Completed,ChildWork,picart/masters/21198-zz000s078c-1-master.tif,,,213,,,text,,,,,,page 157,r,,,,,,,,,,,,,,,,,,,
Picart (Bernard) Collection,ark:/21198/zz000s079w,ark:/21198/zz0009pfgj,2,Completed,ChildWork,picart/masters/21198-zz000s079w-1-master.tif,,,214,,,text,,,,,,page 158,v,,,,,,,,,,,,,,,,,,,
Picart (Bernard) Collection,ark:/21198/zz000s07bd,ark:/21198/zz0009pfgj,2,Completed,ChildWork,picart/masters/21198-zz000s07bd-1-master.tif,,,215,,,text,,,,,,page 159,r,,,,,,,,,,,,,,,,,,,
Picart (Bernard) Collection,ark:/21198/zz000s07cx,ark:/21198/zz0009pfgj,2,Completed,ChildWork,picart/masters/21198-zz000s07cx-1-master.tif,,,216,,,text,,,,,,page 160,v,,,,,,,,,,,,,,,,,,,
Picart (Bernard) Collection,ark:/21198/zz000s07df,ark:/21198/zz0009pfgj,2,Completed,ChildWork,picart/masters/21198-zz000s07df-1-master.tif,,,217,,,still image,,,,,,LA RECONNOISSANCE du CORPS du PAPE défunt &c.,r,,LA RECONNOISSANCE du CORPS du PAPE défunt &c.Les OBSÈQUES du PAPE DÉFUNT.Le CORPS du PAPE porté à L'EGLISE de SAINT PIERRE.Le CORPS du PAPE exposé trois jours au peuple dans L'Eglise de St. PIERRE.CATAFALQUE du PAPE DÉFUNT.CONVOI FUNEBRE du PAPE.B. Picart sculp. dir. 1724.,page 160a,,,,,,,,,,,,,,,,
Picart (Bernard) Collection,ark:/21198/zz000s07fz,ark:/21198/zz0009pfgj,2,Completed,ChildWork,picart/masters/21198-zz000s07fz-1-master.tif,,,218,,,text,,,,,,page 160b,v,,,,,,,,,,,,,,,,,,,
Picart (Bernard) Collection,ark:/21198/zz000s07gg,ark:/21198/zz0009pfgj,2,Completed,ChildWork,picart/masters/21198-zz000s07gg-1-master.tif,,,219,,,text,,,,,,page 161,r,,,,,,,,,,,,,,,,,,,
Picart (Bernard) Collection,ark:/21198/zz000s07h0,ark:/21198/zz0009pfgj,2,Completed,ChildWork,picart/masters/21198-zz000s07h0-1-master.tif,,,220,,,text|~|still image,,,,,,page 162,v,,,,,,,,,,,,,,,,,,,
Picart (Bernard) Collection,ark:/21198/zz000s07jh,ark:/21198/zz0009pfgj,2,Completed,ChildWork,picart/masters/21198-zz000s07jh-1-master.tif,,,221,,,text,,,,,,page 165,r,,,,,,,,,,,,,,,,,,,
Picart (Bernard) Collection,ark:/21198/zz000s07k1,ark:/21198/zz0009pfgj,2,Completed,ChildWork,picart/masters/21198-zz000s07k1-1-master.tif,,,222,,,text,,,,,,page 166,v,,,,,,,,,,,,,,,,,,,
Picart (Bernard) Collection,ark:/21198/zz000s07mj,ark:/21198/zz0009pfgj,2,Completed,ChildWork,picart/masters/21198-zz000s07mj-1-master.tif,,,223,,,text,,,,,,page 167,r,,,,,,,,,,,,,,,,,,,
Picart (Bernard) Collection,ark:/21198/zz000s07n2,ark:/21198/zz0009pfgj,2,Completed,ChildWork,picart/masters/21198-zz000s07n2-1-master.tif,,,224,,,text,,,,,,page 168,v,,,,,,,,,,,,,,,,,,,
Picart (Bernard) Collection,ark:/21198/zz000s07pk,ark:/21198/zz0009pfgj,2,Completed,ChildWork,picart/masters/21198-zz000s07pk-1-master.tif,,,225,,,text,,,,,,page 169,r,,,,,,,,,,,,,,,,,,,
Picart (Bernard) Collection,ark:/21198/zz000s07q3,ark:/21198/zz0009pfgj,2,Completed,ChildWork,picart/masters/21198-zz000s07q3-1-master.tif,,,226,,,text,,,,,,page 170,v,,,,,,,,,,,,,,,,,,,
Picart (Bernard) Collection,ark:/21198/zz000s07rm,ark:/21198/zz0009pfgj,2,Completed,ChildWork,picart/masters/21198-zz000s07rm-1-master.tif,,,227,,,text,,,,,,page 171,r,,,,,,,,,,,,,,,,,,,
Picart (Bernard) Collection,ark:/21198/zz000s07s4,ark:/21198/zz0009pfgj,2,Completed,ChildWork,picart/masters/21198-zz000s07s4-1-master.tif,,,228,,,text,,,,,,page 172,v,,,,,,,,,,,,,,,,,,,
Picart (Bernard) Collection,ark:/21198/zz000s07tn,ark:/21198/zz0009pfgj,2,Completed,ChildWork,picart/masters/21198-zz000s07tn-1-master.tif,,,229,,,text,,,,,,page 173,r,,,,,,,,,,,,,,,,,,,
Picart (Bernard) Collection,ark:/21198/zz000s07v5,ark:/21198/zz0009pfgj,2,Completed,ChildWork,picart/masters/21198-zz000s07v5-1-master.tif,,,230,,,text,,,,,,page 174,v,,,,,,,,,,,,,,,,,,,
Picart (Bernard) Collection,ark:/21198/zz000s07wp,ark:/21198/zz0009pfgj,2,Completed,ChildWork,picart/masters/21198-zz000s07wp-1-master.tif,,,231,,,text,,,,,,page 175,r,,,,,,,,,,,,,,,,,,,
Picart (Bernard) Collection,ark:/21198/zz000s07x6,ark:/21198/zz0009pfgj,2,Completed,ChildWork,picart/masters/21198-zz000s07x6-1-master.tif,,,232,,,text,,,,,,page 176,v,,,,,,,,,,,,,,,,,,,
Picart (Bernard) Collection,ark:/21198/zz000s07zq,ark:/21198/zz0009pfgj,2,Completed,ChildWork,picart/masters/21198-zz000s07zq-1-master.tif,,,233,,,text,,,,,,page 177,r,,,,,,,,,,,,,,,,,,,
Picart (Bernard) Collection,ark:/21198/zz000s080q,ark:/21198/zz0009pfgj,2,Completed,ChildWork,picart/masters/21198-zz000s080q-1-master.tif,,,234,,,text,,,,,,page 178,v,,,,,,,,,,,,,,,,,,,
Picart (Bernard) Collection,ark:/21198/zz000s0817,ark:/21198/zz0009pfgj,2,Completed,ChildWork,picart/masters/21198-zz000s0817-1-master.tif,,,235,,,text,,,,,,page 179,r,,,,,,,,,,,,,,,,,,,
Picart (Bernard) Collection,ark:/21198/zz000s082r,ark:/21198/zz0009pfgj,2,Completed,ChildWork,picart/masters/21198-zz000s082r-1-master.tif,,,236,,,text,,,,,,page 180,v,,,,,,,,,,,,,,,,,,,
Picart (Bernard) Collection,ark:/21198/zz000s0838,ark:/21198/zz0009pfgj,2,Completed,ChildWork,picart/masters/21198-zz000s0838-1-master.tif,,,237,,,text,,,,,,page 181,r,,,,,,,,,,,,,,,,,,,
Picart (Bernard) Collection,ark:/21198/zz000s084s,ark:/21198/zz0009pfgj,2,Completed,ChildWork,picart/masters/21198-zz000s084s-1-master.tif,,,238,,,text,,,,,,page 182,v,,,,,,,,,,,,,,,,,,,
Picart (Bernard) Collection,ark:/21198/zz000s0859,ark:/21198/zz0009pfgj,2,Completed,ChildWork,picart/masters/21198-zz000s0859-1-master.tif,,,239,,,text,,,,,,page 183,r,,,,,,,,,,,,,,,,,,,
Picart (Bernard) Collection,ark:/21198/zz000s086t,ark:/21198/zz0009pfgj,2,Completed,ChildWork,picart/masters/21198-zz000s086t-1-master.tif,,,240,,,text,,,,,,page 184,v,,,,,,,,,,,,,,,,,,,
Picart (Bernard) Collection,ark:/21198/zz000s087b,ark:/21198/zz0009pfgj,2,Completed,ChildWork,picart/masters/21198-zz000s087b-1-master.tif,,,241,,,text,,,,,,page 185,r,,,,,,,,,,,,,,,,,,,
Picart (Bernard) Collection,ark:/21198/zz000s088v,ark:/21198/zz0009pfgj,2,Completed,ChildWork,picart/masters/21198-zz000s088v-1-master.tif,,,242,,,text,,,,,,page 186,v,,,,,,,,,,,,,,,,,,,
Picart (Bernard) Collection,ark:/21198/zz000s089c,ark:/21198/zz0009pfgj,2,Completed,ChildWork,picart/masters/21198-zz000s089c-1-master.tif,,,243,,,text,,,,,,page 187,r,,,,,,,,,,,,,,,,,,,
Picart (Bernard) Collection,ark:/21198/zz000s08bw,ark:/21198/zz0009pfgj,2,Completed,ChildWork,picart/masters/21198-zz000s08bw-1-master.tif,,,244,,,text,,,,,,page 188,v,,,,,,,,,,,,,,,,,,,
Picart (Bernard) Collection,ark:/21198/zz000s08cd,ark:/21198/zz0009pfgj,2,Completed,ChildWork,picart/masters/21198-zz000s08cd-1-master.tif,,,245,,,text,,,,,,page 189,r,,,,,,,,,,,,,,,,,,,
Picart (Bernard) Collection,ark:/21198/zz000s08dx,ark:/21198/zz0009pfgj,2,Completed,ChildWork,picart/masters/21198-zz000s08dx-1-master.tif,,,246,,,text,,,,,,page 190,v,,,,,,,,,,,,,,,,,,,
Picart (Bernard) Collection,ark:/21198/zz000s08ff,ark:/21198/zz0009pfgj,2,Completed,ChildWork,picart/masters/21198-zz000s08ff-1-master.tif,,,247,,,text,,,,,,page 191,r,,,,,,,,,,,,,,,,,,,
Picart (Bernard) Collection,ark:/21198/zz000s08gz,ark:/21198/zz0009pfgj,2,Completed,ChildWork,picart/masters/21198-zz000s08gz-1-master.tif,,,248,,,text,,,,,,page 192,v,,,,,,,,,,,,,,,,,,,
Picart (Bernard) Collection,ark:/21198/zz000s08hg,ark:/21198/zz0009pfgj,2,Completed,ChildWork,picart/masters/21198-zz000s08hg-1-master.tif,,,249,,,text,,,,,,page 193,r,,,,,,,,,,,,,,,,,,,
Picart (Bernard) Collection,ark:/21198/zz000s08j0,ark:/21198/zz0009pfgj,2,Completed,ChildWork,picart/masters/21198-zz000s08j0-1-master.tif,,,250,,,text,,,,,,page 194,v,,,,,,,,,,,,,,,,,,,
Picart (Bernard) Collection,ark:/21198/zz000s08kh,ark:/21198/zz0009pfgj,2,Completed,ChildWork,picart/masters/21198-zz000s08kh-1-master.tif,,,251,,,text,,,,,,page 195,r,,,,,,,,,,,,,,,,,,,
Picart (Bernard) Collection,ark:/21198/zz000s08m1,ark:/21198/zz0009pfgj,2,Completed,ChildWork,picart/masters/21198-zz000s08m1-1-master.tif,,,252,,,text,,,,,,page 196,v,,,,,,,,,,,,,,,,,,,
Picart (Bernard) Collection,ark:/21198/zz000s08nj,ark:/21198/zz0009pfgj,2,Completed,ChildWork,picart/masters/21198-zz000s08nj-1-master.tif,,,253,,,text,,,,,,page 197,r,,,,,,,,,,,,,,,,,,,
Picart (Bernard) Collection,ark:/21198/zz000s08p2,ark:/21198/zz0009pfgj,2,Completed,ChildWork,picart/masters/21198-zz000s08p2-1-master.tif,,,254,,,text,,,,,,page 198,v,,,,,,,,,,,,,,,,,,,
Picart (Bernard) Collection,ark:/21198/zz000s08qk,ark:/21198/zz0009pfgj,2,Completed,ChildWork,picart/masters/21198-zz000s08qk-1-master.tif,,,255,,,text,,,,,,page 001,r,,,,,,,,,,,,,,,,,,,
Picart (Bernard) Collection,ark:/21198/zz000s08r3,ark:/21198/zz0009pfgj,2,Completed,ChildWork,picart/masters/21198-zz000s08r3-1-master.tif,,,256,,,text,,,,,,page 002,v,,,,,,,,,,,,,,,,,,,
Picart (Bernard) Collection,ark:/21198/zz000s08sm,ark:/21198/zz0009pfgj,2,Completed,ChildWork,picart/masters/21198-zz000s08sm-1-master.tif,,,257,,,text|~|still image,,,,,,page 003,r,,,,,,,,,,,,,,,,,,,
Picart (Bernard) Collection,ark:/21198/zz000s08t4,ark:/21198/zz0009pfgj,2,Completed,ChildWork,picart/masters/21198-zz000s08t4-1-master.tif,,,258,,,text,,,,,,page 004,v,,,,,,,,,,,,,,,,,,,
Picart (Bernard) Collection,ark:/21198/zz000s08vn,ark:/21198/zz0009pfgj,2,Completed,ChildWork,picart/masters/21198-zz000s08vn-1-master.tif,,,259,,,text,,,,,,page 005,r,,,,,,,,,,,,,,,,,,,
Picart (Bernard) Collection,ark:/21198/zz000s08w5,ark:/21198/zz0009pfgj,2,Completed,ChildWork,picart/masters/21198-zz000s08w5-1-master.tif,,,260,,,text,,,,,,page 006,v,,,,,,,,,,,,,,,,,,,
Picart (Bernard) Collection,ark:/21198/zz000s08xp,ark:/21198/zz0009pfgj,2,Completed,ChildWork,picart/masters/21198-zz000s08xp-1-master.tif,,,261,,,text,,,,,,page 007,r,,,,,,,,,,,,,,,,,,,
Picart (Bernard) Collection,ark:/21198/zz000s08z6,ark:/21198/zz0009pfgj,2,Completed,ChildWork,picart/masters/21198-zz000s08z6-1-master.tif,,,262,,,text,,,,,,page 008,v,,,,,,,,,,,,,,,,,,,
Picart (Bernard) Collection,ark:/21198/zz000s0906,ark:/21198/zz0009pfgj,2,Completed,ChildWork,picart/masters/21198-zz000s0906-1-master.tif,,,263,,,text,,,,,,page 009,r,,,,,,,,,,,,,,,,,,,
Picart (Bernard) Collection,ark:/21198/zz000s091q,ark:/21198/zz0009pfgj,2,Completed,ChildWork,picart/masters/21198-zz000s091q-1-master.tif,,,264,,,text,,,,,,page 010,v,,,,,,,,,,,,,,,,,,,
Picart (Bernard) Collection,ark:/21198/zz000s0927,ark:/21198/zz0009pfgj,2,Completed,ChildWork,picart/masters/21198-zz000s0927-1-master.tif,,,265,,,text,,,,,,page 011,r,,,,,,,,,,,,,,,,,,,
Picart (Bernard) Collection,ark:/21198/zz000s0vxw,ark:/21198/zz0009pfgj,2,Completed,ChildWork,picart/masters/21198-zz000s0vxw-1-master.tif,,,266,,,text,,,,,,page 012,v,,,,,,,,,,,,,,,,,,,
Picart (Bernard) Collection,ark:/21198/zz000s0vzd,ark:/21198/zz0009pfgj,2,Completed,ChildWork,picart/masters/21198-zz000s0vzd-1-master.tif,,,267,,,text,,,,,,page 013,r,,,,,,,,,,,,,,,,,,,
Picart (Bernard) Collection,ark:/21198/zz000s0w0d,ark:/21198/zz0009pfgj,2,Completed,ChildWork,picart/masters/21198-zz000s0w0d-1-master.tif,,,268,,,text,,,,,,page 014,v,,,,,,,,,,,,,,,,,,,
Picart (Bernard) Collection,ark:/21198/zz000s0w1x,ark:/21198/zz0009pfgj,2,Completed,ChildWork,picart/masters/21198-zz000s0w1x-1-master.tif,,,269,,,text,,,,,,page 015,r,,,,,,,,,,,,,,,,,,,
Picart (Bernard) Collection,ark:/21198/zz000s0w2f,ark:/21198/zz0009pfgj,2,Completed,ChildWork,picart/masters/21198-zz000s0w2f-1-master.tif,,,270,,,text,,,,,,page 016,v,,,,,,,,,,,,,,,,,,,
Picart (Bernard) Collection,ark:/21198/zz000s0w3z,ark:/21198/zz0009pfgj,2,Completed,ChildWork,picart/masters/21198-zz000s0w3z-1-master.tif,,,271,,,text,,,,,,page 017,r,,,,,,,,,,,,,,,,,,,
Picart (Bernard) Collection,ark:/21198/zz000s0w4g,ark:/21198/zz0009pfgj,2,Completed,ChildWork,picart/masters/21198-zz000s0w4g-1-master.tif,,,272,,,text,,,,,,page 018,v,,,,,,,,,,,,,,,,,,,
Picart (Bernard) Collection,ark:/21198/zz000s0w50,ark:/21198/zz0009pfgj,2,Completed,ChildWork,picart/masters/21198-zz000s0w50-1-master.tif,,,273,,,text|~|still image,,,,,,page 019,r,,,,,,,,,,,,,,,,,,,
Picart (Bernard) Collection,ark:/21198/zz000s0w6h,ark:/21198/zz0009pfgj,2,Completed,ChildWork,picart/masters/21198-zz000s0w6h-1-master.tif,,,274,,,text,,,,,,page 020,v,,,,,,,,,,,,,,,,,,,
Picart (Bernard) Collection,ark:/21198/zz000s0w71,ark:/21198/zz0009pfgj,2,Completed,ChildWork,picart/masters/21198-zz000s0w71-1-master.tif,,,275,,,text,,,,,,page 021,r,,,,,,,,,,,,,,,,,,,
Picart (Bernard) Collection,ark:/21198/zz000s0w8j,ark:/21198/zz0009pfgj,2,Completed,ChildWork,picart/masters/21198-zz000s0w8j-1-master.tif,,,276,,,text,,,,,,page 022,v,,,,,,,,,,,,,,,,,,,
Picart (Bernard) Collection,ark:/21198/zz000s0w92,ark:/21198/zz0009pfgj,2,Completed,ChildWork,picart/masters/21198-zz000s0w92-1-master.tif,,,277,,,text,,,,,,page 023,r,,,,,,,,,,,,,,,,,,,
Picart (Bernard) Collection,ark:/21198/zz000s0wbk,ark:/21198/zz0009pfgj,2,Completed,ChildWork,picart/masters/21198-zz000s0wbk-1-master.tif,,,278,,,text,,,,,,page 024,v,,,,,,,,,,,,,,,,,,,
Picart (Bernard) Collection,ark:/21198/zz000s0wc3,ark:/21198/zz0009pfgj,2,Completed,ChildWork,picart/masters/21198-zz000s0wc3-1-master.tif,,,279,,,text,,,,,,page 025,r,,,,,,,,,,,,,,,,,,,
Picart (Bernard) Collection,ark:/21198/zz000s0wdm,ark:/21198/zz0009pfgj,2,Completed,ChildWork,picart/masters/21198-zz000s0wdm-1-master.tif,,,280,,,text,,,,,,page 026,v,,,,,,,,,,,,,,,,,,,
Picart (Bernard) Collection,ark:/21198/zz000s0wf4,ark:/21198/zz0009pfgj,2,Completed,ChildWork,picart/masters/21198-zz000s0wf4-1-master.tif,,,281,,,still image,,,,,,La SALE de L'INQUISITION.,r,,La SALE de L'INQUISITION.Diverses Manieres dont le St. OFICE fait donner la QUESTION.B. Picart sculp. dir. 1722.,page 026a,,,,,,,,,,,,,,,,
Picart (Bernard) Collection,ark:/21198/zz000s0wgn,ark:/21198/zz0009pfgj,2,Completed,ChildWork,picart/masters/21198-zz000s0wgn-1-master.tif,,,282,,,text,,,,,,page 026b,v,,,,,,,,,,,,,,,,,,,
Picart (Bernard) Collection,ark:/21198/zz000s0wh5,ark:/21198/zz0009pfgj,2,Completed,ChildWork,picart/masters/21198-zz000s0wh5-1-master.tif,,,283,,,text,,,,,,page 027,r,,,,,,,,,,,,,,,,,,,
Picart (Bernard) Collection,ark:/21198/zz000s0wjp,ark:/21198/zz0009pfgj,2,Completed,ChildWork,picart/masters/21198-zz000s0wjp-1-master.tif,,,284,,,text,,,,,,page 028,v,,,,,,,,,,,,,,,,,,,
Picart (Bernard) Collection,ark:/21198/zz000s0wk6,ark:/21198/zz0009pfgj,2,Completed,ChildWork,picart/masters/21198-zz000s0wk6-1-master.tif,,,285,,,still image,,,,,,JUGEMENT de L'INQUISITION dans la grande Place de MADRID.,r,,"JUGEMENT de L'INQUISITION dans la grande Place de MADRID.A. Le Roi, et la Reine. &c.B. Le Grand Inquisiteur.C. Les Conseillers de l'Inquisition.D. Place de quelques Grands d'Espagne Familiers de l'Inquisition.E. Place des Criminels, chacun avec deux Familiers de l'Inquisition, et plusieurs Moines de diferens Ordres.F. Deux Cages, où l'on met les Criminels pendant la lecture de leur Sentence.G. Autel ou l'on dit la Messe.H.H. L'Etendart de l'Inquisition, et la Croix Verte.I. La Chaire du Predicateur.K.K. Deux Chaires pour ceux qui lisent les Sentences.L. Effigies de Carton representant ceux qui sont morts en prison, ou qui se sont sauvez de prison.La PROCESSION de L'INQUISITION, a Goa.A. L'Etendart de L'Inquisition.B. Les Dominicains.C. Les Criminels qui ont évité le feu par la confession.D. Les Criminels qui ont évité le feu par la confession apres leur condamnation.E. Crusifix qui tourne le dos à ceux qui doivent être brulez.F. Criminels qui doivent être brulez.G. Effigies de ceux qui sont morts en prison.H. Le Grand Inquisiteur.B. Picart sculp. direxit. 1723.",page 028a,,,,,,,,,,,,,,,,
Picart (Bernard) Collection,ark:/21198/zz000s0wmq,ark:/21198/zz0009pfgj,2,Completed,ChildWork,picart/masters/21198-zz000s0wmq-1-master.tif,,,286,,,text,,,,,,page 028b,v,,,,,,,,,,,,,,,,,,,
Picart (Bernard) Collection,ark:/21198/zz000s0wn7,ark:/21198/zz0009pfgj,2,Completed,ChildWork,picart/masters/21198-zz000s0wn7-1-master.tif,,,287,,,text,,,,,,page 029,r,,,,,,,,,,,,,,,,,,,
Picart (Bernard) Collection,ark:/21198/zz000s0wpr,ark:/21198/zz0009pfgj,2,Completed,ChildWork,picart/masters/21198-zz000s0wpr-1-master.tif,,,288,,,text,,,,,,page 030,v,,,,,,,,,,,,,,,,,,,
Picart (Bernard) Collection,ark:/21198/zz000s0wq8,ark:/21198/zz0009pfgj,2,Completed,ChildWork,picart/masters/21198-zz000s0wq8-1-master.tif,,,289,,,text,,,,,,page 031,r,,,,,,,,,,,,,,,,,,,
Picart (Bernard) Collection,ark:/21198/zz000s0wrs,ark:/21198/zz0009pfgj,2,Completed,ChildWork,picart/masters/21198-zz000s0wrs-1-master.tif,,,290,,,text,,,,,,page 032,v,,,,,,,,,,,,,,,,,,,
Picart (Bernard) Collection,ark:/21198/zz000s0ws9,ark:/21198/zz0009pfgj,2,Completed,ChildWork,picart/masters/21198-zz000s0ws9-1-master.tif,,,291,,,text,,,,,,page 033,r,,,,,,,,,,,,,,,,,,,
Picart (Bernard) Collection,ark:/21198/zz000s0wtt,ark:/21198/zz0009pfgj,2,Completed,ChildWork,picart/masters/21198-zz000s0wtt-1-master.tif,,,292,,,text,,,,,,page 034,v,,,,,,,,,,,,,,,,,,,
Picart (Bernard) Collection,ark:/21198/zz000s0wvb,ark:/21198/zz0009pfgj,2,Completed,ChildWork,picart/masters/21198-zz000s0wvb-1-master.tif,,,293,,,text,,,,,,page 035,r,,,,,,,,,,,,,,,,,,,
Picart (Bernard) Collection,ark:/21198/zz000s0wwv,ark:/21198/zz0009pfgj,2,Completed,ChildWork,picart/masters/21198-zz000s0wwv-1-master.tif,,,294,,,text,,,,,,page 036,v,,,,,,,,,,,,,,,,,,,
Picart (Bernard) Collection,ark:/21198/zz000s0wxc,ark:/21198/zz0009pfgj,2,Completed,ChildWork,picart/masters/21198-zz000s0wxc-1-master.tif,,,295,,,text|~|still image,,,,,,page 037,r,,,,,,,,,,,,,,,,,,,
Picart (Bernard) Collection,ark:/21198/zz000s0wzw,ark:/21198/zz0009pfgj,2,Completed,ChildWork,picart/masters/21198-zz000s0wzw-1-master.tif,,,296,,,text,,,,,,page 038,v,,,,,,,,,,,,,,,,,,,
Picart (Bernard) Collection,ark:/21198/zz000s0x0w,ark:/21198/zz0009pfgj,2,Completed,ChildWork,picart/masters/21198-zz000s0x0w-1-master.tif,,,297,,,text,,,,,,page 039,r,,,,,,,,,,,,,,,,,,,
Picart (Bernard) Collection,ark:/21198/zz000s0x1d,ark:/21198/zz0009pfgj,2,Completed,ChildWork,picart/masters/21198-zz000s0x1d-1-master.tif,,,298,,,text,,,,,,page 040,v,,,,,,,,,,,,,,,,,,,
Picart (Bernard) Collection,ark:/21198/zz000s0x2x,ark:/21198/zz0009pfgj,2,Completed,ChildWork,picart/masters/21198-zz000s0x2x-1-master.tif,,,299,,,text,,,,,,page 041,r,,,,,,,,,,,,,,,,,,,
Picart (Bernard) Collection,ark:/21198/zz000s0x3f,ark:/21198/zz0009pfgj,2,Completed,ChildWork,picart/masters/21198-zz000s0x3f-1-master.tif,,,300,,,text,,,,,,page 042,v,,,,,,,,,,,,,,,,,,,
Picart (Bernard) Collection,ark:/21198/zz000s0x4z,ark:/21198/zz0009pfgj,2,Completed,ChildWork,picart/masters/21198-zz000s0x4z-1-master.tif,,,301,,,text,,,,,,page 043,r,,,,,,,,,,,,,,,,,,,
Picart (Bernard) Collection,ark:/21198/zz000s0x5g,ark:/21198/zz0009pfgj,2,Completed,ChildWork,picart/masters/21198-zz000s0x5g-1-master.tif,,,302,,,text,,,,,,page 044,v,,,,,,,,,,,,,,,,,,,
Picart (Bernard) Collection,ark:/21198/zz000s0x60,ark:/21198/zz0009pfgj,2,Completed,ChildWork,picart/masters/21198-zz000s0x60-1-master.tif,,,303,,,text,,,,,,page 045,r,,,,,,,,,,,,,,,,,,,
Picart (Bernard) Collection,ark:/21198/zz000s0x7h,ark:/21198/zz0009pfgj,2,Completed,ChildWork,picart/masters/21198-zz000s0x7h-1-master.tif,,,304,,,text,,,,,,page 046,v,,,,,,,,,,,,,,,,,,,
Picart (Bernard) Collection,ark:/21198/zz000s0x81,ark:/21198/zz0009pfgj,2,Completed,ChildWork,picart/masters/21198-zz000s0x81-1-master.tif,,,305,,,text,,,,,,page 047,r,,,,,,,,,,,,,,,,,,,
Picart (Bernard) Collection,ark:/21198/zz000s0x9j,ark:/21198/zz0009pfgj,2,Completed,ChildWork,picart/masters/21198-zz000s0x9j-1-master.tif,,,306,,,text,,,,,,page 048,v,,,,,,,,,,,,,,,,,,,
Picart (Bernard) Collection,ark:/21198/zz000s0xb2,ark:/21198/zz0009pfgj,2,Completed,ChildWork,picart/masters/21198-zz000s0xb2-1-master.tif,,,307,,,text,,,,,,page 049,r,,,,,,,,,,,,,,,,,,,
Picart (Bernard) Collection,ark:/21198/zz000s0xck,ark:/21198/zz0009pfgj,2,Completed,ChildWork,picart/masters/21198-zz000s0xck-1-master.tif,,,308,,,text,,,,,,page 050,v,,,,,,,,,,,,,,,,,,,
Picart (Bernard) Collection,ark:/21198/zz000s0xd3,ark:/21198/zz0009pfgj,2,Completed,ChildWork,picart/masters/21198-zz000s0xd3-1-master.tif,,,309,,,text,,,,,,page 051,r,,,,,,,,,,,,,,,,,,,
Picart (Bernard) Collection,ark:/21198/zz000s0xfm,ark:/21198/zz0009pfgj,2,Completed,ChildWork,picart/masters/21198-zz000s0xfm-1-master.tif,,,310,,,text,,,,,,page 052,v,,,,,,,,,,,,,,,,,,,
Picart (Bernard) Collection,ark:/21198/zz000s0xg4,ark:/21198/zz0009pfgj,2,Completed,ChildWork,picart/masters/21198-zz000s0xg4-1-master.tif,,,311,,,text,,,,,,page 053,r,,,,,,,,,,,,,,,,,,,
Picart (Bernard) Collection,ark:/21198/zz000s0xhn,ark:/21198/zz0009pfgj,2,Completed,ChildWork,picart/masters/21198-zz000s0xhn-1-master.tif,,,312,,,text,,,,,,page 054,v,,,,,,,,,,,,,,,,,,,
Picart (Bernard) Collection,ark:/21198/zz000s0xj5,ark:/21198/zz0009pfgj,2,Completed,ChildWork,picart/masters/21198-zz000s0xj5-1-master.tif,,,313,,,text,,,,,,page 055,r,,,,,,,,,,,,,,,,,,,
Picart (Bernard) Collection,ark:/21198/zz000s0xkp,ark:/21198/zz0009pfgj,2,Completed,ChildWork,picart/masters/21198-zz000s0xkp-1-master.tif,,,314,,,text,,,,,,page 056,v,,,,,,,,,,,,,,,,,,,
Picart (Bernard) Collection,ark:/21198/zz000s0xm6,ark:/21198/zz0009pfgj,2,Completed,ChildWork,picart/masters/21198-zz000s0xm6-1-master.tif,,,315,,,text,,,,,,page 057,r,,,,,,,,,,,,,,,,,,,
Picart (Bernard) Collection,ark:/21198/zz000s0xnq,ark:/21198/zz0009pfgj,2,Completed,ChildWork,picart/masters/21198-zz000s0xnq-1-master.tif,,,316,,,text,,,,,,page 058,v,,,,,,,,,,,,,,,,,,,
Picart (Bernard) Collection,ark:/21198/zz000s0xp7,ark:/21198/zz0009pfgj,2,Completed,ChildWork,picart/masters/21198-zz000s0xp7-1-master.tif,,,317,,,text,,,,,,page 059,r,,,,,,,,,,,,,,,,,,,
Picart (Bernard) Collection,ark:/21198/zz000s0xqr,ark:/21198/zz0009pfgj,2,Completed,ChildWork,picart/masters/21198-zz000s0xqr-1-master.tif,,,318,,,text,,,,,,page 058 [060],v,,,,,,,,,,,,,,,,,,,
Picart (Bernard) Collection,ark:/21198/zz000s0xr8,ark:/21198/zz0009pfgj,2,Completed,ChildWork,picart/masters/21198-zz000s0xr8-1-master.tif,,,319,,,text,,,,,,page 059 [061],r,,,,,,,,,,,,,,,,,,,
Picart (Bernard) Collection,ark:/21198/zz000s0xss,ark:/21198/zz0009pfgj,2,Completed,ChildWork,picart/masters/21198-zz000s0xss-1-master.tif,,,320,,,text,,,,,,page 062,v,,,,,,,,,,,,,,,,,,,
Picart (Bernard) Collection,ark:/21198/zz000s0xt9,ark:/21198/zz0009pfgj,2,Completed,ChildWork,picart/masters/21198-zz000s0xt9-1-master.tif,,,321,,,text,,,,,,page 063,r,,,,,,,,,,,,,,,,,,,
Picart (Bernard) Collection,ark:/21198/zz000s0xvt,ark:/21198/zz0009pfgj,2,Completed,ChildWork,picart/masters/21198-zz000s0xvt-1-master.tif,,,322,,,text,,,,,,page 064,v,,,,,,,,,,,,,,,,,,,
Picart (Bernard) Collection,ark:/21198/zz000s0xwb,ark:/21198/zz0009pfgj,2,Completed,ChildWork,picart/masters/21198-zz000s0xwb-1-master.tif,,,323,,,text,,,,,,page 064a,r,,,,,,,,,,,,,,,,,,,
Picart (Bernard) Collection,ark:/21198/zz000s0xxv,ark:/21198/zz0009pfgj,2,Completed,ChildWork,picart/masters/21198-zz000s0xxv-1-master.tif,,,324,,,still image,,,,,,"L'AUTO-DA-FÉ, ou l'Acte de Foi.",v,,"L'AUTO-DA-FÉ, ou l'Acte de Foi.Suplice des Condamnez.B. Picart sculp. dir. 1722.",page 064b,,,,,,,,,,,,,,,,
Picart (Bernard) Collection,ark:/21198/zz000s0xzc,ark:/21198/zz0009pfgj,2,Completed,ChildWork,picart/masters/21198-zz000s0xzc-1-master.tif,,,325,,,text,,,,,,page 065,r,,,,,,,,,,,,,,,,,,,
Picart (Bernard) Collection,ark:/21198/zz000s0zpq,ark:/21198/zz0009pfgj,2,Completed,ChildWork,picart/masters/21198-zz000s0zpq-1-master.tif,,,326,,,text,,,,,,page 066,v,,,,,,,,,,,,,,,,,,,
Picart (Bernard) Collection,ark:/21198/zz000s0zq7,ark:/21198/zz0009pfgj,2,Completed,ChildWork,picart/masters/21198-zz000s0zq7-1-master.tif,,,327,,,text,,,,,,page 067,r,,,,,,,,,,,,,,,,,,,
Picart (Bernard) Collection,ark:/21198/zz000s0zrr,ark:/21198/zz0009pfgj,2,Completed,ChildWork,picart/masters/21198-zz000s0zrr-1-master.tif,,,328,,,text,,,,,,page 068,v,,,,,,,,,,,,,,,,,,,
Picart (Bernard) Collection,ark:/21198/zz000s0zs8,ark:/21198/zz0009pfgj,2,Completed,ChildWork,picart/masters/21198-zz000s0zs8-1-master.tif,,,329,,,text|~|still image,,,,,,page 069,r,,,,,,,,,,,,,,,,,,,
Picart (Bernard) Collection,ark:/21198/zz000s0zts,ark:/21198/zz0009pfgj,2,Completed,ChildWork,picart/masters/21198-zz000s0zts-1-master.tif,,,330,,,text|~|still image,,,,,,page 070,v,,,,,,,,,,,,,,,,,,,
Picart (Bernard) Collection,ark:/21198/zz000s0zv9,ark:/21198/zz0009pfgj,2,Completed,ChildWork,picart/masters/21198-zz000s0zv9-1-master.tif,,,331,,,text|~|still image,,,,,,page 071,r,,,,,,,,,,,,,,,,,,,
Picart (Bernard) Collection,ark:/21198/zz000s0zwt,ark:/21198/zz0009pfgj,2,Completed,ChildWork,picart/masters/21198-zz000s0zwt-1-master.tif,,,332,,,text,,,,,,page 072,v,,,,,,,,,,,,,,,,,,,
Picart (Bernard) Collection,ark:/21198/zz000s0zxb,ark:/21198/zz0009pfgj,2,Completed,ChildWork,picart/masters/21198-zz000s0zxb-1-master.tif,,,333,,,text|~|still image,,,,,,page 073,r,,,,,,,,,,,,,,,,,,,
Picart (Bernard) Collection,ark:/21198/zz000s0zzv,ark:/21198/zz0009pfgj,2,Completed,ChildWork,picart/masters/21198-zz000s0zzv-1-master.tif,,,334,,,text,,,,,,page 074,v,,,,,,,,,,,,,,,,,,,
Picart (Bernard) Collection,ark:/21198/zz000s1009,ark:/21198/zz0009pfgj,2,Completed,ChildWork,picart/masters/21198-zz000s1009-1-master.tif,,,335,,,text,,,,,,page 075,r,,,,,,,,,,,,,,,,,,,
Picart (Bernard) Collection,ark:/21198/zz000s101t,ark:/21198/zz0009pfgj,2,Completed,ChildWork,picart/masters/21198-zz000s101t-1-master.tif,,,336,,,text,,,,,,page 076,v,,,,,,,,,,,,,,,,,,,
Picart (Bernard) Collection,ark:/21198/zz000s102b,ark:/21198/zz0009pfgj,2,Completed,ChildWork,picart/masters/21198-zz000s102b-1-master.tif,,,337,,,text,,,,,,page 077,r,,,,,,,,,,,,,,,,,,,
Picart (Bernard) Collection,ark:/21198/zz000s103v,ark:/21198/zz0009pfgj,2,Completed,ChildWork,picart/masters/21198-zz000s103v-1-master.tif,,,338,,,text,,,,,,page 078,v,,,,,,,,,,,,,,,,,,,
Picart (Bernard) Collection,ark:/21198/zz000s104c,ark:/21198/zz0009pfgj,2,Completed,ChildWork,picart/masters/21198-zz000s104c-1-master.tif,,,339,,,text,,,,,,page 079,r,,,,,,,,,,,,,,,,,,,
Picart (Bernard) Collection,ark:/21198/zz000s105w,ark:/21198/zz0009pfgj,2,Completed,ChildWork,picart/masters/21198-zz000s105w-1-master.tif,,,340,,,text,,,,,,page 080,v,,,,,,,,,,,,,,,,,,,
Picart (Bernard) Collection,ark:/21198/zz000s106d,ark:/21198/zz0009pfgj,2,Completed,ChildWork,picart/masters/21198-zz000s106d-1-master.tif,,,341,,,text,,,,,,page 081,r,,,,,,,,,,,,,,,,,,,
Picart (Bernard) Collection,ark:/21198/zz000s107x,ark:/21198/zz0009pfgj,2,Completed,ChildWork,picart/masters/21198-zz000s107x-1-master.tif,,,342,,,text,,,,,,page 082,v,,,,,,,,,,,,,,,,,,,
Picart (Bernard) Collection,ark:/21198/zz000s108f,ark:/21198/zz0009pfgj,2,Completed,ChildWork,picart/masters/21198-zz000s108f-1-master.tif,,,343,,,text,,,,,,page 083,r,,,,,,,,,,,,,,,,,,,
Picart (Bernard) Collection,ark:/21198/zz000s109z,ark:/21198/zz0009pfgj,2,Completed,ChildWork,picart/masters/21198-zz000s109z-1-master.tif,,,344,,,text,,,,,,page 084,v,,,,,,,,,,,,,,,,,,,
Picart (Bernard) Collection,ark:/21198/zz000s10bg,ark:/21198/zz0009pfgj,2,Completed,ChildWork,picart/masters/21198-zz000s10bg-1-master.tif,,,345,,,text,,,,,,page 085,r,,,,,,,,,,,,,,,,,,,
Picart (Bernard) Collection,ark:/21198/zz000s112t,ark:/21198/zz0009pfgj,2,Completed,ChildWork,picart/masters/21198-zz000s112t-1-master.tif,,,346,,,text,,,,,,page 086,v,,,,,,,,,,,,,,,,,,,
Picart (Bernard) Collection,ark:/21198/zz000s113b,ark:/21198/zz0009pfgj,2,Completed,ChildWork,picart/masters/21198-zz000s113b-1-master.tif,,,347,,,text,,,,,,page 087,r,,,,,,,,,,,,,,,,,,,
Picart (Bernard) Collection,ark:/21198/zz000s114v,ark:/21198/zz0009pfgj,2,Completed,ChildWork,picart/masters/21198-zz000s114v-1-master.tif,,,348,,,text,,,,,,page 088,v,,,,,,,,,,,,,,,,,,,
Picart (Bernard) Collection,ark:/21198/zz000s115c,ark:/21198/zz0009pfgj,2,Completed,ChildWork,picart/masters/21198-zz000s115c-1-master.tif,,,349,,,text,,,,,,page 089,r,,,,,,,,,,,,,,,,,,,
Picart (Bernard) Collection,ark:/21198/zz000s116w,ark:/21198/zz0009pfgj,2,Completed,ChildWork,picart/masters/21198-zz000s116w-1-master.tif,,,350,,,text,,,,,,page 090,v,,,,,,,,,,,,,,,,,,,
Picart (Bernard) Collection,ark:/21198/zz000s117d,ark:/21198/zz0009pfgj,2,Completed,ChildWork,picart/masters/21198-zz000s117d-1-master.tif,,,351,,,text,,,,,,page 091,r,,,,,,,,,,,,,,,,,,,
Picart (Bernard) Collection,ark:/21198/zz000s118x,ark:/21198/zz0009pfgj,2,Completed,ChildWork,picart/masters/21198-zz000s118x-1-master.tif,,,352,,,text,,,,,,page 092,v,,,,,,,,,,,,,,,,,,,
Picart (Bernard) Collection,ark:/21198/zz000s119f,ark:/21198/zz0009pfgj,2,Completed,ChildWork,picart/masters/21198-zz000s119f-1-master.tif,,,353,,,text,,,,,,page 093,r,,,,,,,,,,,,,,,,,,,
Picart (Bernard) Collection,ark:/21198/zz000s11bz,ark:/21198/zz0009pfgj,2,Completed,ChildWork,picart/masters/21198-zz000s11bz-1-master.tif,,,354,,,text,,,,,,page 094,v,,,,,,,,,,,,,,,,,,,
Picart (Bernard) Collection,ark:/21198/zz000s11cg,ark:/21198/zz0009pfgj,2,Completed,ChildWork,picart/masters/21198-zz000s11cg-1-master.tif,,,355,,,text,,,,,,page 095,r,,,,,,,,,,,,,,,,,,,
Picart (Bernard) Collection,ark:/21198/zz000s11d0,ark:/21198/zz0009pfgj,2,Completed,ChildWork,picart/masters/21198-zz000s11d0-1-master.tif,,,356,,,text,,,,,,page 096,v,,,,,,,,,,,,,,,,,,,
Picart (Bernard) Collection,ark:/21198/zz000s11fh,ark:/21198/zz0009pfgj,2,Completed,ChildWork,picart/masters/21198-zz000s11fh-1-master.tif,,,357,,,still image,,,,,,HOMME Condamné au Feu; mais qui l'a êvité par sa Confession.,r,,"HOMME Condamné au Feu; mais qui l'a êvité par sa Confession.FILLE qui a êvité le Feu, en avoüant apres son jugement.FEMME Condamnée par L'INQUISITION a être Brulée vive.HOMME qui vâ être Brûlé par arrest de L'INQUISITION.B. Picart sculp. dir. 1722",page 096a,,,,,,,,,,,,,,,,
Picart (Bernard) Collection,ark:/21198/zz000s11g1,ark:/21198/zz0009pfgj,2,Completed,ChildWork,picart/masters/21198-zz000s11g1-1-master.tif,,,358,,,text,,,,,,page 096b,v,,,,,,,,,,,,,,,,,,,
Picart (Bernard) Collection,ark:/21198/zz000s11hj,ark:/21198/zz0009pfgj,2,Completed,ChildWork,picart/masters/21198-zz000s11hj-1-master.tif,,,359,,,text,,,,,,page 096c,r,,,,,,,,,,,,,,,,,,,
Picart (Bernard) Collection,ark:/21198/zz000s11j2,ark:/21198/zz0009pfgj,2,Completed,ChildWork,picart/masters/21198-zz000s11j2-1-master.tif,,,360,,,still image,,,,,,BANNIERE de L'INQUISITION D'ESPAGNE.,v,,"BANNIERE de L'INQUISITION D'ESPAGNE.BANNIERE de L'INQUISITION de GOA.HOMME convaincu D'HERESIE qui s'est accusé lui même avant que d'etre jugé.RELIGIEUSE, qui a évité d'être brûlée en confessant avant que d'être jugée.B. Picart sculp. dir. 1722.",page 096d,,,,,,,,,,,,,,,,
Picart (Bernard) Collection,ark:/21198/zz000s11kk,ark:/21198/zz0009pfgj,2,Completed,ChildWork,picart/masters/21198-zz000s11kk-1-master.tif,,,361,,,text,,,,,,page 097,r,,,,,,,,,,,,,,,,,,,
Picart (Bernard) Collection,ark:/21198/zz000s11m3,ark:/21198/zz0009pfgj,2,Completed,ChildWork,picart/masters/21198-zz000s11m3-1-master.tif,,,362,,,text,,,,,,page 098,v,,,,,,,,,,,,,,,,,,,
Picart (Bernard) Collection,ark:/21198/zz000s11nm,ark:/21198/zz0009pfgj,2,Completed,ChildWork,picart/masters/21198-zz000s11nm-1-master.tif,,,363,,,text,,,,,,page 099,r,,,,,,,,,,,,,,,,,,,
Picart (Bernard) Collection,ark:/21198/zz000s11p4,ark:/21198/zz0009pfgj,2,Completed,ChildWork,picart/masters/21198-zz000s11p4-1-master.tif,,,364,,,text,,,,,,page 100,v,,,,,,,,,,,,,,,,,,,
Picart (Bernard) Collection,ark:/21198/zz000s11qn,ark:/21198/zz0009pfgj,2,Completed,ChildWork,picart/masters/21198-zz000s11qn-1-master.tif,,,365,,,text,,,,,,page 101,r,,,,,,,,,,,,,,,,,,,
Picart (Bernard) Collection,ark:/21198/zz000s1m9n,ark:/21198/zz0009pfgj,2,Completed,ChildWork,picart/masters/21198-zz000s1m9n-1-master.tif,,,366,,,text,,,,,,page 102,v,,,,,,,,,,,,,,,,,,,
Picart (Bernard) Collection,ark:/21198/zz000s1mb5,ark:/21198/zz0009pfgj,2,Completed,ChildWork,picart/masters/21198-zz000s1mb5-1-master.tif,,,367,,,text,,,,,,page 103,r,,,,,,,,,,,,,,,,,,,
Picart (Bernard) Collection,ark:/21198/zz000s1mcp,ark:/21198/zz0009pfgj,2,Completed,ChildWork,picart/masters/21198-zz000s1mcp-1-master.tif,,,368,,,text,,,,,,page 104,v,,,,,,,,,,,,,,,,,,,
Picart (Bernard) Collection,ark:/21198/zz000s1md6,ark:/21198/zz0009pfgj,2,Completed,ChildWork,picart/masters/21198-zz000s1md6-1-master.tif,,,369,,,text,,,,,,blank page 01,r,,,,,,,,,,,,,,,,,,,
Picart (Bernard) Collection,ark:/21198/zz000s1mfq,ark:/21198/zz0009pfgj,2,Completed,ChildWork,picart/masters/21198-zz000s1mfq-1-master.tif,,,370,,,text,,,,,,blank page 02,v,,,,,,,,,,,,,,,,,,,
Picart (Bernard) Collection,ark:/21198/zz000s1mg7,ark:/21198/zz0009pfgj,2,Completed,ChildWork,picart/masters/21198-zz000s1mg7-1-master.tif,,,371,,,text,,,,,,blank page 03,r,,,,,,,,,,,,,,,,,,,
Picart (Bernard) Collection,ark:/21198/zz000s1mhr,ark:/21198/zz0009pfgj,2,Completed,ChildWork,picart/masters/21198-zz000s1mhr-1-master.tif,,,372,,,text,,,,,,blank page 04,v,,,,,,,,,,,,,,,,,,,
Picart (Bernard) Collection,ark:/21198/zz000s1mj8,ark:/21198/zz0009pfgj,2,Completed,ChildWork,picart/masters/21198-zz000s1mj8-1-master.tif,,,373,,,text,,,,,,inside back cover,r,,,,,,,,,,,,,,,,,,,
Picart (Bernard) Collection,ark:/21198/zz000s1mks,ark:/21198/zz0009pfgj,2,Completed,ChildWork,picart/masters/21198-zz000s1mks-1-master.tif,,,374,,,text,,,,,,back cover,v,,,,,,,,,,,,,,,,,,,